id,first_name,last_name,email,gender,ip_address,credit_card_number,credit_card_company
1,Christophorus,Betonia,cbetonia0@nhs.uk,Male,95.211.8.9,5048374564908830,mastercard
2,Adella,Espinazo,aespinazo1@blogspot.com,Female,140.148.205.140,372301694710718,americanexpress
3,Jess,Cutriss,jcutriss2@dot.gov,Male,172.243.222.2,5048379300423940,mastercard
4,Elva,Mitchinson,emitchinson3@blinklist.com,Female,159.123.241.14,372301547535510,americanexpress
5,Gilda,Hanmore,ghanmore4@bigcartel.com,Female,101.228.34.12,5100149088253470,mastercard
6,Mahala,Durward,mdurward5@ft.com,Female,171.90.73.236,341921591423160,americanexpress
7,Scottie,Bierman,sbierman6@barnesandnoble.com,Male,188.9.212.236,370746421059072,americanexpress
8,Kliment,Kinavan,kkinavan7@macromedia.com,Male,29.196.211.163,341767747604538,americanexpress
9,Eleonora,Conklin,econklin8@dot.gov,Female,227.94.190.166,4017955445978,visa
10,Germaine,Athow,gathow9@wiley.com,Male,4.248.165.15,5231665081842690,mastercard
11,Engracia,Peron,eperona@who.int,Female,228.252.9.6,337941047900104,americanexpress
12,Sophia,Pahler,spahlerb@jiathis.com,Female,179.209.3.236,4017955239459320,visa
13,Kiersten,Bonnin,kbonninc@harvard.edu,Female,224.247.236.245,4041377060449520,visa
14,Maryjo,Spurdle,mspurdled@businessweek.com,Female,219.246.86.217,5007661410578010,mastercard
15,Arny,Lowndesbrough,alowndesbroughe@cdbaby.com,Male,32.216.160.14,5002351497347090,mastercard
16,Lyman,Skirvin,lskirvinf@ocn.ne.jp,Male,154.89.59.165,374622771804746,americanexpress
17,Karna,Coller,kcollerg@jugem.jp,Female,159.108.101.161,4041590719357,visa
18,Nathanil,Prendergrast,nprendergrasth@nymag.com,Bigender,200.180.214.194,5268219108953270,mastercard
19,Kathe,Kubala,kkubalai@last.fm,Bigender,120.196.202.23,374288779528859,americanexpress
20,Edgardo,Elloit,eelloitj@google.nl,Male,166.10.190.13,374283920362134,americanexpress
21,Yancey,Elmar,yelmark@icq.com,Male,19.20.199.146,346457301765363,americanexpress
22,Benjy,Lorence,blorencel@blinklist.com,Male,200.180.59.94,5010121477619170,mastercard
23,Lamar,Sutheran,lsutheranm@foxnews.com,Male,106.148.9.1,340089473624148,americanexpress
24,Paolina,Melendez,pmelendezn@spotify.com,Female,88.157.24.207,374283067919621,americanexpress
25,Camala,McGonnell,cmcgonnello@senate.gov,Female,235.26.148.233,378290230588353,americanexpress
26,Kiley,Scantlebury,kscantleburyp@naver.com,Female,149.195.230.12,349865248848117,americanexpress
27,Torre,Bannester,tbannesterq@archive.org,Male,55.141.131.160,4017950859900,visa
28,Jessie,Gronaver,jgronaverr@altervista.org,Male,79.4.235.107,372301715197523,americanexpress
29,Berni,Frost,bfrosts@bluehost.com,Female,222.4.120.128,374283746917277,americanexpress
30,Clem,Marcum,cmarcumt@google.nl,Bigender,196.169.159.37,4041599129327,visa
31,Melita,Ladyman,mladymanu@webs.com,Female,148.223.63.172,5100148015837480,mastercard
32,Juanita,McElhargy,jmcelhargyv@google.com.au,Female,225.203.120.8,5100170174033850,mastercard
33,Barrie,Westphal,bwestphalw@sourceforge.net,Male,189.24.14.142,4958169959546,visa
34,Kerry,Cohalan,kcohalanx@purevolume.com,Female,99.194.6.236,5002353429990350,mastercard
35,Blancha,Winscomb,bwinscomby@virginia.edu,Agender,21.222.101.3,337941704425213,americanexpress
36,Wilmar,Borg,wborgz@deliciousdays.com,Male,148.181.164.72,374283229031943,americanexpress
37,Meg,Starking,mstarking10@myspace.com,Genderfluid,232.1.12.86,5100130778962570,mastercard
38,Constantine,LAbbet,clabbet11@businessweek.com,Female,39.245.15.37,5393790886266920,mastercard
39,Travis,Scallan,tscallan12@icio.us,Male,202.241.48.223,5002353515592220,mastercard
40,Papagena,Penny,ppenny13@macromedia.com,Agender,31.242.179.195,4041372632422,visa
41,Bobbee,Branchett,bbranchett14@imdb.com,Female,182.69.188.235,374288335614508,americanexpress
42,Alvin,Yeskov,ayeskov15@stumbleupon.com,Male,252.214.220.206,5007664778807760,mastercard
43,Klarrisa,Tweedle,ktweedle16@admin.ch,Female,144.160.123.147,4041373702736310,visa
44,Robers,Tomasoni,rtomasoni17@squarespace.com,Agender,61.139.0.24,4041599070113250,visa
45,Gunar,Hateley,ghateley18@wikispaces.com,Male,14.252.148.89,4041373546803,visa
46,Wynny,Beden,wbeden19@google.com.au,Female,224.165.211.203,372301792482053,americanexpress
47,Alyosha,Kalewe,akalewe1a@com.com,Male,162.63.82.127,5002355796192630,mastercard
48,Benedicto,Solomonides,bsolomonides1b@soup.io,Male,59.25.199.166,337941134089449,americanexpress
49,Sybyl,Mival,smival1c@microsoft.com,Female,222.236.165.25,5100144181483730,mastercard
50,Jess,Eltringham,jeltringham1d@google.ru,Female,97.138.62.116,341070277497682,americanexpress
51,Cam,Triplow,ctriplow1e@ycombinator.com,Genderqueer,252.203.3.67,379934450434306,americanexpress
52,Shurlock,Scotchmor,sscotchmor1f@yale.edu,Male,113.32.222.90,371281308789525,americanexpress
53,Cecilius,MacGhee,cmacghee1g@washingtonpost.com,Male,54.83.243.231,4041375052372790,visa
54,Imogen,Grisedale,igrisedale1h@nba.com,Genderfluid,21.61.36.201,4041596433567730,visa
55,Krystle,Sheara,ksheara1i@un.org,Female,12.62.182.52,4017956484935,visa
56,Rustie,Danilovitch,rdanilovitch1j@youku.com,Male,240.182.45.61,5007664430070170,mastercard
57,Gwenette,Abrahart,gabrahart1k@posterous.com,Female,105.98.253.168,4041593972946,visa
58,Gradeigh,Obray,gobray1l@slate.com,Male,127.238.70.126,4041379912230330,visa
59,Bondie,Denmead,bdenmead1m@forbes.com,Male,21.160.38.180,5100176704500220,mastercard
60,Garrik,Sylett,gsylett1n@wikia.com,Male,131.222.63.92,4598305007020740,visa
61,Bernardine,Poynter,bpoynter1o@earthlink.net,Female,177.28.49.250,4017959572951600,visa
62,Daffi,Hully,dhully1p@chron.com,Female,184.1.194.238,374288639929305,americanexpress
63,Jone,Demeter,jdemeter1q@digg.com,Male,93.130.236.76,5100149953662540,mastercard
64,Ferdie,Ionn,fionn1r@amazonaws.com,Male,122.175.12.23,374622460859043,americanexpress
65,Ode,Bartolomieu,obartolomieu1s@google.ca,Male,91.45.229.117,4041590096086730,visa
66,Hewitt,Hazael,hhazael1t@wordpress.org,Male,253.52.207.76,5007668249409480,mastercard
67,Yvor,Charlesworth,ycharlesworth1u@sakura.ne.jp,Genderfluid,47.65.15.163,5002351354360450,mastercard
68,Yankee,Kaesmans,ykaesmans1v@exblog.jp,Male,82.59.196.28,374622022483159,americanexpress
69,Gabi,Cloney,gcloney1w@mlb.com,Female,48.244.196.203,372301903837906,americanexpress
70,Baillie,Keohane,bkeohane1x@youtube.com,Male,158.227.89.115,5100174530267770,mastercard
71,Reagen,Millen,rmillen1y@pbs.org,Male,202.120.152.136,4041377803127,visa
72,Jilly,Tinwell,jtinwell1z@go.com,Female,50.99.220.32,4041371668179,visa
73,Bard,Ward,bward20@examiner.com,Male,51.84.233.1,5100148772405900,mastercard
74,Odilia,Elsmor,oelsmor21@eepurl.com,Female,102.218.159.62,5007664082495240,mastercard
75,Clyve,Schooling,cschooling22@cnbc.com,Male,234.107.26.53,4041597922664960,visa
76,Hannis,Merring,hmerring23@reference.com,Female,90.92.236.149,374283881543722,americanexpress
77,Lia,Daintry,ldaintry24@symantec.com,Female,49.11.74.227,4793454349285560,visa
78,Adey,Drane,adrane25@state.tx.us,Female,254.182.87.29,337941673929609,americanexpress
79,Horatius,Lyste,hlyste26@infoseek.co.jp,Male,125.190.164.131,4675094496184,visa
80,Koralle,Dewis,kdewis27@i2i.jp,Female,230.133.12.13,343491916010215,americanexpress
81,Arni,Matteuzzi,amatteuzzi28@amazonaws.com,Male,36.1.229.195,4041594652778,visa
82,Nancee,Gent,ngent29@multiply.com,Female,93.122.104.161,4765330876586,visa
83,Webster,Calfe,wcalfe2a@army.mil,Male,28.165.90.134,5419489390391830,mastercard
84,Lewes,Grushin,lgrushin2b@imgur.com,Male,79.37.117.55,374288718859811,americanexpress
85,Lib,Pirelli,lpirelli2c@ft.com,Female,182.194.222.198,5010120997703370,mastercard
86,Allie,Sculley,asculley2d@bravesites.com,Male,23.163.240.30,4551834852400,visa
87,Beaufort,Truder,btruder2e@com.com,Male,183.49.40.206,374288791418550,americanexpress
88,Nertie,Brandassi,nbrandassi2f@imageshack.us,Female,48.83.193.88,4041375720273,visa
89,Kaela,Nortunen,knortunen2g@reverbnation.com,Female,144.164.41.125,374288048595218,americanexpress
90,Merrilee,Doorly,mdoorly2h@yandex.ru,Female,51.102.122.93,5048376335441930,mastercard
91,Daphna,Baggett,dbaggett2i@sohu.com,Female,11.11.161.138,4041592353882,visa
92,Zonnya,Camies,zcamies2j@meetup.com,Female,7.78.190.138,4041371581331,visa
93,Ogdan,Radmore,oradmore2k@hhs.gov,Male,179.68.168.230,372301394984126,americanexpress
94,Francisco,Odhams,fodhams2l@globo.com,Male,107.46.228.104,374288509179189,americanexpress
95,Joey,Figge,jfigge2m@marriott.com,Male,47.141.230.218,5100145554212550,mastercard
96,Cassius,Berkowitz,cberkowitz2n@tinypic.com,Male,192.40.227.1,4257630171702,visa
97,Nikolos,Pratt,npratt2o@cmu.edu,Male,73.69.200.129,4017959526610900,visa
98,Fraze,Speller,fspeller2p@liveinternet.ru,Male,78.135.81.224,5048370963604430,mastercard
99,Venus,Tondeur,vtondeur2q@google.com.au,Female,55.34.29.92,5131481114967580,mastercard
100,Riordan,Scohier,rscohier2r@cloudflare.com,Male,87.209.227.65,374283604002907,americanexpress
101,Mahmud,Kanzler,mkanzler2s@altervista.org,Non-binary,147.44.110.168,4041593856742950,visa
102,Karel,Gillford,kgillford2t@cbslocal.com,Female,160.34.49.228,374622332769255,americanexpress
103,Phillis,Ajean,pajean2u@sogou.com,Female,89.106.21.59,5494170752523510,mastercard
104,Cleon,Leaves,cleaves2v@dion.ne.jp,Male,119.53.66.229,374288434774393,americanexpress
105,Emilee,Siuda,esiuda2w@123-reg.co.uk,Female,206.231.109.139,4300417110872880,visa
106,Cliff,Koche,ckoche2x@studiopress.com,Male,151.148.23.249,374622840052392,americanexpress
107,Nappy,Kitman,nkitman2y@yahoo.com,Male,149.100.245.130,5143577655681360,mastercard
108,Marlow,Spieght,mspieght2z@ed.gov,Male,22.73.21.50,337941964081177,americanexpress
109,Wesley,Hopkynson,whopkynson30@jugem.jp,Male,253.2.34.168,5179018367570870,mastercard
110,Ted,Cowing,tcowing31@delicious.com,Female,114.154.98.11,4421648912123780,visa
111,Vanni,Killingback,vkillingback32@sohu.com,Female,7.65.82.165,374283124190992,americanexpress
112,Teodorico,Ateggart,tateggart33@wikia.com,Male,154.91.140.225,5342917040837990,mastercard
113,Aleksandr,Corington,acorington34@pcworld.com,Male,68.162.242.202,5514264578455920,mastercard
114,Bren,Oxenbury,boxenbury35@engadget.com,Female,38.122.145.139,4041596420067,visa
115,Enrika,Broster,ebroster36@pagesperso-orange.fr,Female,154.121.50.29,4639832741020300,visa
116,Elvis,Fihelly,efihelly37@eventbrite.com,Male,251.242.253.178,4017955977606390,visa
117,Ashla,Flaxon,aflaxon38@mac.com,Female,40.19.69.164,5100136647848830,mastercard
118,Tana,Jeandeau,tjeandeau39@sciencedirect.com,Female,52.238.181.204,4041596189528100,visa
119,Chicky,Bletso,cbletso3a@icio.us,Male,85.74.73.67,4253502569283940,visa
120,Ron,Vlasov,rvlasov3b@mediafire.com,Male,149.45.98.72,372301428853917,americanexpress
121,Danella,Bryan,dbryan3c@de.vu,Female,179.146.23.68,4041374575231,visa
122,Murray,Dempster,mdempster3d@domainmarket.com,Male,10.39.163.225,374288029174843,americanexpress
123,Care,Piris,cpiris3e@archive.org,Male,179.46.75.198,341268540134955,americanexpress
124,Cynthy,Barnsdale,cbarnsdale3f@cnet.com,Female,202.79.218.20,5298107740304550,mastercard
125,Sande,Torrie,storrie3g@nbcnews.com,Female,141.37.155.80,5265128913230920,mastercard
126,Dalli,Plail,dplail3h@stanford.edu,Male,14.54.82.33,374288012450788,americanexpress
127,Antonio,Doxey,adoxey3i@army.mil,Male,66.215.155.75,5301465388407780,mastercard
128,Cher,Martine,cmartine3j@psu.edu,Female,92.139.153.88,346797777262407,americanexpress
129,Cherye,Knight,cknight3k@blogger.com,Female,176.226.226.5,5100172429047230,mastercard
130,Alidia,Juza,ajuza3l@uiuc.edu,Female,3.78.188.185,4975372765955270,visa
131,Hendrick,McKinley,hmckinley3m@utexas.edu,Male,141.156.213.213,4041593651995,visa
132,Cello,Pretley,cpretley3n@prweb.com,Male,255.123.16.66,372301541396497,americanexpress
133,Lynn,Le Frank,llefrank3o@toplist.cz,Female,21.49.135.173,374283504056789,americanexpress
134,Marigold,Burnitt,mburnitt3p@xrea.com,Female,38.203.204.221,5258873907545090,mastercard
135,Amos,Youd,ayoud3q@nsw.gov.au,Male,38.155.114.155,4017958210905750,visa
136,Blayne,Plott,bplott3r@netvibes.com,Male,17.223.221.54,4041377639594440,visa
137,Rosalynd,Ducarel,rducarel3s@naver.com,Female,169.196.142.92,4023652944941,visa
138,Jacquette,Week,jweek3t@mediafire.com,Female,205.10.195.150,5048371235993840,mastercard
139,Aldric,Gierke,agierke3u@hostgator.com,Male,212.156.127.26,372301887466086,americanexpress
140,Stacy,Licciardi,slicciardi3v@google.com.au,Female,144.140.174.214,374622247425159,americanexpress
141,Griffie,Westrope,gwestrope3w@163.com,Male,74.203.53.2,4041370863500480,visa
142,Alexandros,Langforth,alangforth3x@addtoany.com,Male,77.215.183.179,5196246679171000,mastercard
143,Gaye,Haggata,ghaggata3y@unesco.org,Female,13.105.202.100,4041377863585290,visa
144,Matteo,Woolcocks,mwoolcocks3z@live.com,Non-binary,33.103.229.46,372301156498711,americanexpress
145,Tab,Cowdrey,tcowdrey40@digg.com,Male,205.142.111.165,5100172324659760,mastercard
146,Skyler,Ammer,sammer41@hud.gov,Male,247.252.193.102,372301397594104,americanexpress
147,Roslyn,Gayforth,rgayforth42@bing.com,Female,39.168.204.213,5007668757370460,mastercard
148,Dietrich,Blinckhorne,dblinckhorne43@purevolume.com,Male,12.112.195.177,4520462831515,visa
149,Kenneth,Lilleyman,klilleyman44@wunderground.com,Male,56.30.203.88,5366421237302440,mastercard
150,Brynna,Noseworthy,bnoseworthy45@yolasite.com,Female,27.194.207.210,372301016401251,americanexpress
151,Susan,Edinburough,sedinburough46@skyrock.com,Female,125.11.46.85,4041370053008060,visa
152,Nat,McMurty,nmcmurty47@devhub.com,Male,255.12.92.226,374288401720361,americanexpress
153,Lucio,Brunsden,lbrunsden48@wsj.com,Male,17.212.118.83,5508291900354870,mastercard
154,Westleigh,Dumblton,wdumblton49@blogspot.com,Male,62.12.86.102,372301012257327,americanexpress
155,Olenolin,Frizzell,ofrizzell4a@seesaa.net,Male,63.43.183.48,5108755745748900,mastercard
156,Claybourne,Dome,cdome4b@twitter.com,Male,227.4.136.111,5100142057792970,mastercard
157,Culver,Harrill,charrill4c@flickr.com,Male,170.218.230.193,349683787648156,americanexpress
158,Gilberto,Taber,gtaber4d@sohu.com,Male,116.252.224.84,374622746638229,americanexpress
159,Lorri,Funnell,lfunnell4e@earthlink.net,Female,136.109.56.164,372420346092596,americanexpress
160,Velvet,Cotgrave,vcotgrave4f@netscape.com,Female,147.181.33.165,372301581148972,americanexpress
161,Austin,Dudney,adudney4g@behance.net,Female,105.9.215.105,374288092895704,americanexpress
162,Sunshine,Croyden,scroyden4h@drupal.org,Female,230.217.203.215,4949894527129050,visa
163,Dulcie,Leafe,dleafe4i@sciencedaily.com,Female,181.133.7.224,5363696770515120,mastercard
164,Zachary,Vanin,zvanin4j@pbs.org,Male,123.41.201.110,340912548140222,americanexpress
165,Robbie,Riall,rriall4k@google.com.br,Male,78.64.22.126,4017951739143,visa
166,Larry,Rideout,lrideout4l@dropbox.com,Male,170.230.73.57,348797655764076,americanexpress
167,Kimberli,Hardington,khardington4m@facebook.com,Female,31.178.163.202,374283954136156,americanexpress
168,Ezekiel,Triplow,etriplow4n@slate.com,Male,149.168.47.248,378174296421628,americanexpress
169,Sonni,Shearman,sshearman4o@naver.com,Genderfluid,143.46.155.129,346385037546015,americanexpress
170,Doralynne,England,dengland4p@dailymotion.com,Female,189.177.25.158,374288957285306,americanexpress
171,Cobby,Skett,cskett4q@tmall.com,Male,61.87.221.128,374622311112121,americanexpress
172,Meyer,Biscomb,mbiscomb4r@4shared.com,Male,244.207.79.136,4041370420187050,visa
173,Rosalynd,McNair,rmcnair4s@ameblo.jp,Female,246.71.128.101,4765881617611,visa
174,Murry,Horstead,mhorstead4t@princeton.edu,Male,64.24.211.55,5048373591050750,mastercard
175,Ferrell,Franzotto,ffranzotto4u@earthlink.net,Male,125.190.92.145,5520136838506830,mastercard
176,Justus,Cardenoza,jcardenoza4v@linkedin.com,Male,70.126.37.165,4041591524126850,visa
177,Alexei,Greenhowe,agreenhowe4w@home.pl,Male,121.247.229.181,4017957051899690,visa
178,Bancroft,Pasby,bpasby4x@opera.com,Male,185.25.29.84,5007665039108870,mastercard
179,Tris,Hoodlass,thoodlass4y@aboutads.info,Male,81.216.224.242,4041379218472,visa
180,Dayle,Barrick,dbarrick4z@shutterfly.com,Agender,37.54.29.196,337941308231942,americanexpress
181,Tamara,Lewinton,tlewinton50@mail.ru,Female,78.232.107.96,374288872620405,americanexpress
182,Dante,Halversen,dhalversen51@msn.com,Male,105.55.235.141,4798196862881020,visa
183,Georgina,Marjanski,gmarjanski52@slate.com,Female,21.81.34.83,374288152612981,americanexpress
184,Tarra,Gooke,tgooke53@theguardian.com,Female,71.6.44.187,5010124327247950,mastercard
185,Rana,McDonand,rmcdonand54@photobucket.com,Female,94.160.245.63,349790189682202,americanexpress
186,Rosemarie,Stannering,rstannering55@howstuffworks.com,Female,2.89.68.168,5324560082685480,mastercard
187,Morgen,Merwe,mmerwe56@sina.com.cn,Female,170.168.242.255,4152841342129,visa
188,Ernestus,Clymer,eclymer57@networksolutions.com,Male,205.232.28.38,337941878343846,americanexpress
189,Brana,Clee,bclee58@paypal.com,Female,232.173.180.119,374622131769167,americanexpress
190,Levin,Adan,ladan59@privacy.gov.au,Male,146.105.39.7,4017951253056080,visa
191,Arvin,Goodsal,agoodsal5a@desdev.cn,Male,127.109.46.44,4614461788236230,visa
192,Chryste,Goby,cgoby5b@time.com,Female,143.79.246.30,4510331626501,visa
193,Kerwin,Saltern,ksaltern5c@bloomberg.com,Male,255.84.151.63,5010122203944680,mastercard
194,Julietta,Warlow,jwarlow5d@hp.com,Female,111.32.4.74,5478341787901550,mastercard
195,Bethany,Lapthorn,blapthorn5e@etsy.com,Female,30.132.219.52,374622843553446,americanexpress
196,Franz,Jeacop,fjeacop5f@angelfire.com,Male,253.249.63.100,4041590908489880,visa
197,Freddi,Glanfield,fglanfield5g@house.gov,Female,51.169.132.116,5366669344778460,mastercard
198,Kimbell,Flight,kflight5h@samsung.com,Male,177.21.51.110,4383066274784,visa
199,Elmer,Figge,efigge5i@china.com.cn,Male,98.213.75.112,5463788993165650,mastercard
200,Tracy,Berwick,tberwick5j@taobao.com,Male,79.146.17.63,4041378946693,visa
201,Alleyn,McSkeagan,amcskeagan5k@istockphoto.com,Male,170.36.102.90,4041591515341,visa
202,Kimmie,Torfin,ktorfin5l@hugedomains.com,Female,23.3.179.242,337941678715136,americanexpress
203,Vonnie,Glavias,vglavias5m@bbc.co.uk,Genderqueer,40.182.172.121,5100175315492300,mastercard
204,Jamaal,Hutcheson,jhutcheson5n@geocities.jp,Genderfluid,75.2.86.224,4041375912722,visa
205,Michail,Giordano,mgiordano5o@plala.or.jp,Bigender,151.26.147.247,5235536644854780,mastercard
206,Adham,Barneveld,abarneveld5p@xing.com,Male,86.137.151.251,345498205555212,americanexpress
207,Melisa,Seathwright,mseathwright5q@usnews.com,Female,156.31.198.218,5108753950381990,mastercard
208,Dillie,Fitchet,dfitchet5r@accuweather.com,Male,120.81.154.226,4017955725247,visa
209,Chilton,Dinning,cdinning5s@de.vu,Male,158.149.79.6,4041372842312850,visa
210,Gretel,Lope,glope5t@admin.ch,Female,222.75.55.154,5100170881042440,mastercard
211,Claudina,Muddiman,cmuddiman5u@vimeo.com,Female,156.132.57.29,372301778143281,americanexpress
212,Jody,Rosengart,jrosengart5v@thetimes.co.uk,Male,182.83.75.234,4931749768398,visa
213,Giulio,Lawler,glawler5w@com.com,Male,222.210.111.255,5495363909204030,mastercard
214,Viva,Mityakov,vmityakov5x@mozilla.com,Female,137.151.141.63,4041595255027,visa
215,Mickey,Romain,mromain5y@digg.com,Male,120.203.163.25,5108753625413410,mastercard
216,Robyn,Doerrling,rdoerrling5z@auda.org.au,Female,38.178.86.43,4041597204130,visa
217,Itch,Humphrys,ihumphrys60@amazon.de,Male,42.17.74.101,4118492339434990,visa
218,Bald,Piel,bpiel61@ucsd.edu,Male,121.131.158.11,374283860850999,americanexpress
219,Shurwood,Foresight,sforesight62@g.co,Male,34.14.56.88,5100138540397460,mastercard
220,Danice,Wrightham,dwrightham63@arstechnica.com,Non-binary,107.10.130.32,341917950671936,americanexpress
221,Darnell,Leggs,dleggs64@ox.ac.uk,Male,29.6.102.159,4620543180551890,visa
222,Carr,Chatwin,cchatwin65@ehow.com,Male,91.69.185.68,5108756220030280,mastercard
223,Debi,Leishman,dleishman66@eventbrite.com,Genderqueer,212.84.149.119,4041373394312650,visa
224,Bette,Tennet,btennet67@newyorker.com,Female,71.4.177.34,5007669102254500,mastercard
225,Urson,Czadla,uczadla68@cbc.ca,Male,16.170.196.247,5108751322615980,mastercard
226,Riccardo,Fridd,rfridd69@si.edu,Male,122.237.22.162,4017957740110980,visa
227,Marquita,Muckleston,mmuckleston6a@si.edu,Female,127.172.212.2,5100132998277550,mastercard
228,Toinette,Walkey,twalkey6b@blogger.com,Female,86.238.243.223,5412821969667030,mastercard
229,Cletis,Tregunnah,ctregunnah6c@google.pl,Male,62.195.147.68,5100172624201000,mastercard
230,Emmi,Handford,ehandford6d@nyu.edu,Female,129.101.245.111,374622346144065,americanexpress
231,Daven,Skirvin,dskirvin6e@house.gov,Male,227.154.104.110,4313199879499660,visa
232,Stephanus,Spenceley,sspenceley6f@flickr.com,Male,60.202.111.13,5100174801485210,mastercard
233,Jodie,Castelain,jcastelain6g@scribd.com,Male,13.178.113.48,372301059306136,americanexpress
234,Hinze,Paolazzi,hpaolazzi6h@youtu.be,Male,253.147.89.128,374622721330370,americanexpress
235,Ignazio,Thresh,ithresh6i@t-online.de,Male,91.1.28.189,4017951468337070,visa
236,Rea,Patise,rpatise6j@mediafire.com,Female,111.85.43.118,4118933718666,visa
237,Dimitri,Buret,dburet6k@dmoz.org,Male,166.232.67.247,4017952002376,visa
238,Friedrich,Edgeon,fedgeon6l@usnews.com,Male,208.202.170.216,4041376672788,visa
239,Duffie,Playfoot,dplayfoot6m@yelp.com,Male,193.43.138.45,4408401338507610,visa
240,Emmeline,Tordiffe,etordiffe6n@independent.co.uk,Female,96.64.151.116,372301613440504,americanexpress
241,Kizzie,McTavy,kmctavy6o@facebook.com,Female,27.77.234.204,4041592795371,visa
242,Granville,Brandrick,gbrandrick6p@canalblog.com,Male,85.184.93.9,5360502063688120,mastercard
243,Ransell,Fearnall,rfearnall6q@si.edu,Male,3.158.246.174,347640657506726,americanexpress
244,Andrey,Champkins,achampkins6r@constantcontact.com,Male,169.113.22.207,5010123046359850,mastercard
245,Nadeen,Hutcheson,nhutcheson6s@webeden.co.uk,Female,48.88.193.81,5100130860794560,mastercard
246,Michale,Abbatini,mabbatini6t@unicef.org,Male,250.89.215.81,4017953551427490,visa
247,Prue,Ajam,pajam6u@miibeian.gov.cn,Female,251.75.9.253,4017956571938550,visa
248,Foster,Gleasane,fgleasane6v@vimeo.com,Male,170.69.239.255,374288514356368,americanexpress
249,Rosie,Regnard,rregnard6w@tmall.com,Female,197.253.108.216,4283405448083,visa
250,Dacia,Giraldez,dgiraldez6x@eventbrite.com,Female,203.40.24.70,5287992736519430,mastercard
251,Wilmar,Corson,wcorson6y@addthis.com,Male,23.197.213.18,372301020517993,americanexpress
252,Andrea,Howling,ahowling6z@google.com,Female,95.184.246.45,4041594782849,visa
253,Lorens,Sleeny,lsleeny70@last.fm,Male,9.100.180.229,5399583832078420,mastercard
254,Wang,Berndtssen,wberndtssen71@amazon.de,Male,112.137.32.224,4953260739616,visa
255,Marty,Ratcliff,mratcliff72@vkontakte.ru,Male,119.15.99.199,4357600820491260,visa
256,Dusty,Shillaber,dshillaber73@europa.eu,Female,175.226.78.119,337941937385028,americanexpress
257,Leroi,Garment,lgarment74@jimdo.com,Male,158.148.164.5,5108756902748030,mastercard
258,Kareem,Buessen,kbuessen75@epa.gov,Male,222.0.113.78,340447647743816,americanexpress
259,Eula,Mateo,emateo76@unicef.org,Female,161.73.28.1,4017955300538,visa
260,Nigel,Gullivan,ngullivan77@unicef.org,Male,95.222.106.52,4017952585980700,visa
261,Iorgos,Casillis,icasillis78@tuttocitta.it,Male,119.110.165.254,5462264975942150,mastercard
262,Mischa,Heinle,mheinle79@ehow.com,Male,48.34.149.140,5184674656174500,mastercard
263,Remington,Foot,rfoot7a@yandex.ru,Male,34.136.16.137,374288449243269,americanexpress
264,Benni,Gunby,bgunby7b@ucsd.edu,Female,167.48.255.220,5100143366106350,mastercard
265,Karlik,Eburah,keburah7c@infoseek.co.jp,Male,224.212.122.210,4058611932011090,visa
266,Merell,Pask,mpask7d@storify.com,Male,22.51.35.215,5100149578054680,mastercard
267,Dame,Lacroutz,dlacroutz7e@comcast.net,Male,85.67.229.250,4017952397701,visa
268,Carlie,Lehon,clehon7f@google.es,Male,84.99.73.40,4041374710341,visa
269,Teriann,Stocks,tstocks7g@deliciousdays.com,Female,51.17.222.25,4041375596822,visa
270,Letti,Connikie,lconnikie7h@seesaa.net,Female,172.34.9.241,5457685042093150,mastercard
271,Lenora,Bareford,lbareford7i@sina.com.cn,Agender,99.63.233.155,5420680111614170,mastercard
272,Crissy,Cameron,ccameron7j@un.org,Female,137.192.152.78,5100135549990910,mastercard
273,Berny,Colley,bcolley7k@creativecommons.org,Female,167.80.8.84,4041599036886,visa
274,Druci,Van Arsdall,dvanarsdall7l@bbc.co.uk,Female,66.52.174.59,374283538773706,americanexpress
275,Prissie,Lees,plees7m@washington.edu,Female,188.105.32.62,4760177189862,visa
276,Cale,Applebee,capplebee7n@infoseek.co.jp,Male,130.75.139.122,5408181084709370,mastercard
277,Dorothy,Klug,dklug7o@tiny.cc,Female,173.152.170.12,5100172636991810,mastercard
278,Hartwell,Isenor,hisenor7p@xrea.com,Male,251.201.161.57,5324783572560240,mastercard
279,Happy,Shore,hshore7q@exblog.jp,Female,123.198.129.67,4041596076042240,visa
280,Cornall,Todhunter,ctodhunter7r@spiegel.de,Male,85.97.135.37,5471631561704470,mastercard
281,Stacia,Torry,storry7s@ebay.com,Female,217.171.95.76,374283347192361,americanexpress
282,Beverly,Aggs,baggs7t@nymag.com,Female,241.113.201.225,374622378387707,americanexpress
283,Ann-marie,Howat,ahowat7u@xing.com,Agender,197.107.29.140,5010120573293910,mastercard
284,Annmarie,Wakelin,awakelin7v@tamu.edu,Genderfluid,75.175.108.82,378508157356490,americanexpress
285,Star,Glader,sglader7w@biglobe.ne.jp,Female,203.44.206.17,374288326762258,americanexpress
286,Franky,Riteley,friteley7x@odnoklassniki.ru,Male,106.63.59.246,5115191968262200,mastercard
287,Trey,Shadfourth,tshadfourth7y@admin.ch,Male,195.102.154.6,337941764680459,americanexpress
288,Tomas,McCloy,tmccloy7z@wikipedia.org,Genderqueer,214.153.34.167,343631037116256,americanexpress
289,Adler,Gainsborough,againsborough80@wikipedia.org,Non-binary,31.90.75.150,4866126362795630,visa
290,Christa,Shernock,cshernock81@yahoo.co.jp,Female,91.185.73.147,372301930102019,americanexpress
291,Caspar,Tuffrey,ctuffrey82@indiegogo.com,Bigender,17.3.253.114,342554523669409,americanexpress
292,Wynnie,Limon,wlimon83@princeton.edu,Female,126.65.187.249,5010128495884960,mastercard
293,Marchelle,Rubenov,mrubenov84@github.com,Female,80.121.224.135,4768880421539100,visa
294,Vevay,Kingston,vkingston85@list-manage.com,Female,76.251.65.47,5411344608600380,mastercard
295,Sammy,Christall,schristall86@ask.com,Male,136.243.112.246,377381448431675,americanexpress
296,Leontine,Uebel,luebel87@ibm.com,Female,127.217.85.234,5203073552374860,mastercard
297,Dianemarie,Nutter,dnutter88@businesswire.com,Female,4.28.150.87,5010121559427720,mastercard
298,Josey,Robjohns,jrobjohns89@sun.com,Female,207.21.241.10,4041590573531,visa
299,Salmon,Dakers,sdakers8a@berkeley.edu,Male,253.158.178.205,374283187367917,americanexpress
300,Tandy,Brownsill,tbrownsill8b@blogger.com,Female,50.50.218.59,4041378955186170,visa
301,Franklyn,Tolan,ftolan8c@linkedin.com,Male,247.248.36.27,5347462969008740,mastercard
302,Brodie,Craker,bcraker8d@blogtalkradio.com,Male,232.194.254.173,372301316197336,americanexpress
303,Abran,Flower,aflower8e@phpbb.com,Male,190.183.213.10,4041591578547,visa
304,Aeriel,Billsberry,abillsberry8f@nba.com,Female,233.73.195.196,5100142485465580,mastercard
305,Maitilde,Filippi,mfilippi8g@discuz.net,Female,121.9.128.199,4017951033908330,visa
306,Freedman,Josipovic,fjosipovic8h@studiopress.com,Male,63.82.116.95,4884330808919,visa
307,Ollie,D'Orsay,odorsay8i@buzzfeed.com,Female,236.28.33.157,5007662931208240,mastercard
308,Aluino,Dungate,adungate8j@ucla.edu,Male,98.2.113.32,4105067338346,visa
309,Martainn,Bachman,mbachman8k@1und1.de,Male,144.160.209.45,5010120448877990,mastercard
310,Parsifal,Flowith,pflowith8l@multiply.com,Non-binary,70.205.77.42,4718292670281,visa
311,Willi,Ogborne,wogborne8m@barnesandnoble.com,Female,202.217.221.40,374622219169538,americanexpress
312,Shara,Scannell,sscannell8n@theatlantic.com,Female,105.193.68.62,4041590839068940,visa
313,Jasmine,Curman,jcurman8o@blogger.com,Female,153.206.76.234,337941813500955,americanexpress
314,Leonora,Lashmar,llashmar8p@miitbeian.gov.cn,Female,249.73.47.92,4041597488550,visa
315,Jeanna,Querree,jquerree8q@csmonitor.com,Female,184.28.69.2,347926822304737,americanexpress
316,Alon,Samworth,asamworth8r@bloomberg.com,Male,48.110.139.222,4130363329062,visa
317,Magnum,Purdon,mpurdon8s@bbc.co.uk,Male,157.200.137.157,5048372042380100,mastercard
318,Jude,Haselhurst,jhaselhurst8t@hibu.com,Male,35.116.175.70,4041378347306,visa
319,Errick,Spraging,espraging8u@cbc.ca,Bigender,148.188.107.7,4041599822731,visa
320,Mirabella,Lanigan,mlanigan8v@latimes.com,Agender,44.211.88.166,337941675916133,americanexpress
321,Townsend,Rucklesse,trucklesse8w@pagesperso-orange.fr,Male,211.241.2.159,4017951457505940,visa
322,Tobin,Masey,tmasey8x@illinois.edu,Male,204.113.58.244,5010129041472210,mastercard
323,Elysha,Jaskiewicz,ejaskiewicz8y@mlb.com,Female,2.150.38.86,4710579427927530,visa
324,Wait,Heindl,wheindl8z@opensource.org,Genderqueer,188.214.128.91,374288752414960,americanexpress
325,Renaud,Mussotti,rmussotti90@gravatar.com,Male,211.122.11.37,5100146038358510,mastercard
326,Gustie,Kleinhaut,gkleinhaut91@ezinearticles.com,Female,90.39.47.191,4017950658605880,visa
327,Alon,Dunhill,adunhill92@paypal.com,Male,252.28.189.165,375146488837905,americanexpress
328,Adria,Linford,alinford93@technorati.com,Female,201.172.186.22,371236826958200,americanexpress
329,Alric,Snape,asnape94@example.com,Male,118.187.40.84,4041379012214,visa
330,Towney,Stucksbury,tstucksbury95@oakley.com,Male,212.193.41.113,5048373346735140,mastercard
331,Shana,Gorce,sgorce96@networkadvertising.org,Female,210.103.40.123,372129219805238,americanexpress
332,Trace,Stroud,tstroud97@booking.com,Male,234.7.154.169,5010123429286100,mastercard
333,Kristopher,Lodwig,klodwig98@miibeian.gov.cn,Male,248.248.90.130,337941726718439,americanexpress
334,Anestassia,Rudderham,arudderham99@japanpost.jp,Female,174.2.199.40,5100146210133610,mastercard
335,York,Jullian,yjullian9a@cafepress.com,Male,4.103.223.147,4017951001502,visa
336,Nickie,Feedham,nfeedham9b@ovh.net,Male,120.220.158.82,337941785738930,americanexpress
337,Britte,Malins,bmalins9c@mayoclinic.com,Non-binary,100.158.50.178,4041379158744,visa
338,Laird,Fawdrey,lfawdrey9d@unc.edu,Male,122.171.50.162,5508846820219810,mastercard
339,Eben,Bryson,ebryson9e@wsj.com,Genderfluid,106.5.10.252,4041590397760730,visa
340,Riordan,Kyles,rkyles9f@mac.com,Male,240.114.174.116,372301393147535,americanexpress
341,Obidiah,Coenraets,ocoenraets9g@harvard.edu,Male,216.4.19.170,5100134844761710,mastercard
342,Melisent,Amsden,mamsden9h@infoseek.co.jp,Female,247.234.200.207,4041590767737,visa
343,Xena,Massard,xmassard9i@cocolog-nifty.com,Female,76.43.76.247,5165159183405890,mastercard
344,Mischa,Sawer,msawer9j@springer.com,Agender,108.43.73.27,374622712278794,americanexpress
345,Avie,Tetther,atetther9k@flickr.com,Female,178.174.17.203,4041373224351,visa
346,Parker,Strowthers,pstrowthers9l@ameblo.jp,Male,142.161.22.205,4041590867291950,visa
347,Ambros,Huffey,ahuffey9m@springer.com,Male,142.130.120.95,340750712623890,americanexpress
348,Moll,Prestner,mprestner9n@redcross.org,Female,75.96.40.81,4041370184541,visa
349,Andria,Sambells,asambells9o@geocities.jp,Female,78.152.36.179,337941160362843,americanexpress
350,Martynne,Stirley,mstirley9p@sciencedirect.com,Female,219.201.205.166,337941135796257,americanexpress
351,Elijah,Espina,eespina9q@creativecommons.org,Male,212.82.100.128,374283638686972,americanexpress
352,Mersey,Prawle,mprawle9r@google.nl,Female,72.146.49.218,4017956439862750,visa
353,Christie,Poyner,cpoyner9s@prlog.org,Male,77.221.121.228,5167396474326370,mastercard
354,Rossy,Canti,rcanti9t@rediff.com,Male,16.39.104.130,337941544368193,americanexpress
355,Emmalynne,Rottenbury,erottenbury9u@topsy.com,Female,147.112.102.178,374288330636654,americanexpress
356,Dolly,Perkins,dperkins9v@themeforest.net,Female,249.61.104.16,4041379783016210,visa
357,Darbee,Gadie,dgadie9w@last.fm,Male,82.56.17.91,375882584042855,americanexpress
358,Brandyn,Founds,bfounds9x@hatena.ne.jp,Male,167.99.146.211,5579244175295240,mastercard
359,Harriett,Ranking,hranking9y@newyorker.com,Female,146.56.204.174,5114327982512070,mastercard
360,Piggy,Deighton,pdeighton9z@histats.com,Male,196.131.179.113,342020882455764,americanexpress
361,Sergeant,Feild,sfeilda0@trellian.com,Male,162.72.115.188,4328512478406,visa
362,Ferd,Jovasevic,fjovasevica1@imageshack.us,Male,207.244.35.18,5109003503990530,mastercard
363,Humbert,Agneau,hagneaua2@apache.org,Male,219.153.92.76,5377129691745520,mastercard
364,Patricio,Osgodby,posgodbya3@51.la,Male,212.3.27.54,346296552624394,americanexpress
365,Ricky,Lampaert,rlampaerta4@gmpg.org,Female,207.164.242.206,5108755022973740,mastercard
366,Jeane,Bigrigg,jbigrigga5@usgs.gov,Female,106.20.156.165,5236053580375090,mastercard
367,Ethel,Demcak,edemcaka6@webeden.co.uk,Female,172.18.198.220,4041591791819,visa
368,Idette,Fontel,ifontela7@businessinsider.com,Female,73.248.185.139,4017958189789,visa
369,Olympe,Pearn,opearna8@desdev.cn,Female,133.154.5.194,345120877449637,americanexpress
370,Kizzie,Rojas,krojasa9@kickstarter.com,Female,75.181.50.212,374283459057055,americanexpress
371,Nahum,Kingswell,nkingswellaa@ycombinator.com,Male,119.34.116.40,4041379881169470,visa
372,Fernande,Andrzejowski,fandrzejowskiab@nbcnews.com,Female,83.9.70.176,4017954334134810,visa
373,Waverly,Berrill,wberrillac@live.com,Male,36.125.155.192,5007661485840580,mastercard
374,Bea,Allender,ballenderad@hibu.com,Female,228.19.231.169,4041377994231,visa
375,Vilhelmina,Dullingham,vdullinghamae@cdbaby.com,Female,253.154.205.228,5007668160248630,mastercard
376,Ferdinand,Kenney,fkenneyaf@wiley.com,Male,141.217.208.175,5048379676072810,mastercard
377,Filip,Colmer,fcolmerag@auda.org.au,Polygender,136.33.131.191,5167807719020530,mastercard
378,Rochella,Billows,rbillowsah@rediff.com,Female,194.60.255.112,337941947107552,americanexpress
379,Maryrose,Aucourte,maucourteai@netlog.com,Female,252.200.160.255,343273024127168,americanexpress
380,Les,Pickford,lpickfordaj@google.com.br,Agender,13.219.52.11,374283794500413,americanexpress
381,Devi,Severs,dseversak@wordpress.org,Genderfluid,28.229.73.186,5323032852832090,mastercard
382,Aloise,Danbury,adanburyal@archive.org,Female,123.125.157.77,5108755260320460,mastercard
383,Niccolo,Culwen,nculwenam@psu.edu,Male,34.171.77.86,5100175501476130,mastercard
384,Nicky,Schoenrock,nschoenrockan@spotify.com,Male,71.176.84.131,4041591931225,visa
385,Linnie,Barczewski,lbarczewskiao@vimeo.com,Female,8.167.34.170,5528818960361930,mastercard
386,Taddeusz,Jeans,tjeansap@va.gov,Male,184.25.208.107,4041379900939,visa
387,Laney,Simion,lsimionaq@tuttocitta.it,Female,239.79.99.246,5108752589755530,mastercard
388,Cathyleen,Flieg,cfliegar@wufoo.com,Female,111.16.129.125,5495463179042420,mastercard
389,Cort,Coggin,ccogginas@hostgator.com,Male,108.133.124.114,5487022343735600,mastercard
390,Brandi,Chell,bchellat@ezinearticles.com,Female,228.38.107.196,346907055411507,americanexpress
391,Donnajean,Atterbury,datterburyau@archive.org,Female,171.179.12.64,379836417306719,americanexpress
392,Ruprecht,Kitchener,rkitchenerav@npr.org,Polygender,190.245.148.44,372174515751512,americanexpress
393,Veronique,Blazeby,vblazebyaw@infoseek.co.jp,Female,203.8.74.125,4623277707811,visa
394,Danya,Spraging,dspragingax@usatoday.com,Female,114.52.59.73,4017950952515,visa
395,Camel,Davsley,cdavsleyay@eventbrite.com,Female,52.12.137.143,374288354999186,americanexpress
396,Alaster,Schenfisch,aschenfischaz@quantcast.com,Male,69.146.72.28,5100147787411690,mastercard
397,Tracey,Ettery,tetteryb0@amazon.de,Male,224.52.26.109,5152414430051940,mastercard
398,Zebedee,Baudi,zbaudib1@ezinearticles.com,Male,143.20.105.59,374283350743589,americanexpress
399,Zechariah,Gainsboro,zgainsborob2@narod.ru,Male,29.169.245.215,374622994889490,americanexpress
400,Dale,Doneld,ddoneldb3@360.cn,Male,23.225.124.63,4041375631817470,visa
401,Mirabella,Morse,mmorseb4@businesswire.com,Female,149.211.216.34,4745927737229160,visa
402,Fredric,Hendonson,fhendonsonb5@ehow.com,Male,27.184.198.244,370342765540354,americanexpress
403,Torey,Martijn,tmartijnb6@addthis.com,Female,206.173.130.255,4041372031182500,visa
404,Faith,Lottrington,flottringtonb7@ft.com,Female,227.36.71.68,4041598811020050,visa
405,Cristie,Dufton,cduftonb8@omniture.com,Female,111.205.174.220,4921317974197,visa
406,Conant,Cutchee,ccutcheeb9@alibaba.com,Male,0.123.177.170,372301898679610,americanexpress
407,Inness,Ebbers,iebbersba@fda.gov,Male,16.236.147.181,5007663597192820,mastercard
408,Gusti,Saipy,gsaipybb@google.es,Female,70.176.11.65,4674799783277670,visa
409,Dewey,Neve,dnevebc@independent.co.uk,Male,248.162.41.223,5007665283084480,mastercard
410,Dre,Genthner,dgenthnerbd@godaddy.com,Female,34.92.90.99,4041593701816,visa
411,Doug,Kleeman,dkleemanbe@illinois.edu,Male,27.45.21.1,372301416330043,americanexpress
412,Syman,Patillo,spatillobf@clickbank.net,Male,88.80.44.113,5108757045055370,mastercard
413,Brina,Welbeck,bwelbeckbg@google.fr,Non-binary,163.240.139.175,4017952980229960,visa
414,Harald,Guise,hguisebh@wikipedia.org,Male,171.105.51.141,5100147264059360,mastercard
415,Upton,Owenson,uowensonbi@cnn.com,Male,157.242.252.194,4041597891000560,visa
416,Winfield,McGrath,wmcgrathbj@bloomberg.com,Genderqueer,59.131.195.115,374622499621430,americanexpress
417,Archer,MacNulty,amacnultybk@aboutads.info,Male,26.60.70.128,5100132612130420,mastercard
418,Siana,Cudiff,scudiffbl@wunderground.com,Female,170.16.87.223,5002356557861960,mastercard
419,Odie,Lunbech,olunbechbm@spiegel.de,Male,86.185.2.171,5007664787269060,mastercard
420,Kilian,Mingaye,kmingayebn@i2i.jp,Male,94.43.171.119,4017954064713,visa
421,Channa,Brede,cbredebo@fc2.com,Female,31.92.139.252,374288355840405,americanexpress
422,Calypso,Maylard,cmaylardbp@posterous.com,Female,185.169.221.172,5387027639056100,mastercard
423,Pru,Fairbrace,pfairbracebq@toplist.cz,Female,169.52.122.129,5472094508939900,mastercard
424,Binnie,Glazyer,bglazyerbr@cpanel.net,Genderfluid,151.148.71.175,372301167677980,americanexpress
425,Catherin,Jacqueminet,cjacqueminetbs@utexas.edu,Polygender,26.153.232.158,5010128871910340,mastercard
426,Tonie,Lumpkin,tlumpkinbt@house.gov,Female,105.251.158.229,5010120656342280,mastercard
427,Jayme,Kubasek,jkubasekbu@twitter.com,Male,72.249.239.189,4041372639309360,visa
428,Jeno,Seys,jseysbv@wikia.com,Male,213.99.32.44,5387278164129670,mastercard
429,Court,Van Cassel,cvancasselbw@smh.com.au,Male,155.31.83.17,5048374557958550,mastercard
430,Mia,Clancey,mclanceybx@chron.com,Female,11.17.230.215,348763654273535,americanexpress
431,Ruben,Gellion,rgellionby@census.gov,Male,201.130.166.98,372301180910905,americanexpress
432,Obadiah,Firsby,ofirsbybz@weebly.com,Male,150.52.212.77,337941995327821,americanexpress
433,Philippa,Gregolin,pgregolinc0@ucoz.com,Female,150.131.31.193,374283417881828,americanexpress
434,Paton,Sargint,psargintc1@nps.gov,Male,96.101.214.143,337941572574993,americanexpress
435,Lynette,Matevosian,lmatevosianc2@themeforest.net,Female,249.107.250.153,5108755431708370,mastercard
436,Chrystel,Rojel,crojelc3@ihg.com,Female,91.179.172.28,374283373320076,americanexpress
437,Jard,Surgen,jsurgenc4@miibeian.gov.cn,Male,219.6.71.55,374283429591449,americanexpress
438,Hasty,Stair,hstairc5@printfriendly.com,Male,252.29.205.27,5100144447539930,mastercard
439,Chaddie,Mewitt,cmewittc6@liveinternet.ru,Male,191.226.68.48,4041596887293640,visa
440,Wynn,Garn,wgarnc7@de.vu,Male,63.19.122.122,4041379097082,visa
441,James,Tenniswood,jtenniswoodc8@constantcontact.com,Male,134.186.9.240,4130947946688,visa
442,Benetta,Axelbee,baxelbeec9@myspace.com,Female,143.82.213.59,4041595892746,visa
443,Tedd,Aspell,taspellca@twitter.com,Male,43.11.79.77,377563246022307,americanexpress
444,Sebastiano,Gaynesford,sgaynesfordcb@theguardian.com,Male,57.144.66.50,5048378752920060,mastercard
445,Murvyn,Lorek,mlorekcc@cdbaby.com,Male,47.74.7.225,372301685682579,americanexpress
446,Analise,Dearlove,adearlovecd@soundcloud.com,Female,131.106.56.134,5010124766960640,mastercard
447,Wilfred,Ebden,webdence@studiopress.com,Male,20.70.192.240,5141364274029690,mastercard
448,Jeanine,Wye,jwyecf@github.com,Female,144.124.213.206,374288998597206,americanexpress
449,Ralf,Couthard,rcouthardcg@google.com,Male,115.37.160.87,4805307275471980,visa
450,Freeman,Vidyapin,fvidyapinch@yelp.com,Male,209.10.47.108,4041592536916,visa
451,Michaella,Cuthbertson,mcuthbertsonci@ftc.gov,Polygender,247.237.85.103,349573581828940,americanexpress
452,Esmeralda,Garlee,egarleecj@facebook.com,Female,150.120.168.150,374283160442232,americanexpress
453,Felice,Malicki,fmalickick@amazon.co.uk,Female,111.190.7.111,4041592687594,visa
454,Leoline,Antoniou,lantonioucl@rediff.com,Female,119.101.118.9,374288167794220,americanexpress
455,Adria,Gemlett,agemlettcm@tumblr.com,Female,211.112.82.7,5100134601277780,mastercard
456,Pearce,Kilmurry,pkilmurrycn@ox.ac.uk,Male,167.156.35.152,372301915556403,americanexpress
457,Issiah,Gorch,igorchco@europa.eu,Male,17.65.18.177,4041371257322610,visa
458,Allayne,Goldster,agoldstercp@spotify.com,Male,27.244.88.132,372301765092517,americanexpress
459,Dorry,Gianinotti,dgianinotticq@rediff.com,Female,115.228.25.24,372301489967531,americanexpress
460,Nikolaos,Hulbert,nhulbertcr@friendfeed.com,Genderqueer,29.186.194.245,374288344532238,americanexpress
461,Veriee,MacCurtain,vmaccurtaincs@ning.com,Female,200.54.235.50,4041591216122,visa
462,Cornelle,Dullaghan,cdullaghanct@ucsd.edu,Female,58.198.28.144,374283585337090,americanexpress
463,Alyda,Broun,abrouncu@acquirethisname.com,Female,21.236.92.203,5002352275437900,mastercard
464,Audrye,Janiszewski,ajaniszewskicv@google.pl,Female,205.56.28.182,337941700201022,americanexpress
465,Marjy,Mergue,mmerguecw@e-recht24.de,Female,219.75.160.93,5131636134313190,mastercard
466,Kimbell,Riche,krichecx@friendfeed.com,Male,120.214.245.117,4041596542499320,visa
467,Niko,Ash,nashcy@youku.com,Agender,241.187.65.144,374622708357966,americanexpress
468,Northrop,Tod,ntodcz@house.gov,Non-binary,88.185.151.233,5108751544627390,mastercard
469,Wallie,Janko,wjankod0@aboutads.info,Male,211.210.52.181,4473241534093,visa
470,Amber,Santos,asantosd1@jugem.jp,Female,251.142.11.118,372301657816528,americanexpress
471,Dillon,Berthelmot,dberthelmotd2@ted.com,Male,112.171.127.128,5007660366913810,mastercard
472,Moselle,Fowls,mfowlsd3@cbslocal.com,Genderqueer,63.145.75.23,374622132644948,americanexpress
473,Arie,Kollach,akollachd4@prnewswire.com,Male,182.149.250.21,337941586255175,americanexpress
474,Chandra,Cavy,ccavyd5@vinaora.com,Genderqueer,155.240.166.120,5532189849940830,mastercard
475,Devon,Pardon,dpardond6@telegraph.co.uk,Female,177.135.230.161,5106725254874850,mastercard
476,Mina,Meegin,mmeegind7@ucoz.com,Female,219.17.26.102,5100136135874520,mastercard
477,Vickie,Hawkes,vhawkesd8@auda.org.au,Female,64.220.219.135,374283436530117,americanexpress
478,Fonsie,Dyton,fdytond9@about.me,Male,78.241.57.41,4017954356820,visa
479,Nobie,Hubbert,nhubbertda@163.com,Male,101.210.250.101,5100136327113390,mastercard
480,Jo-anne,Hildred,jhildreddb@360.cn,Female,45.110.30.240,5002357502262000,mastercard
481,Mari,Blazevic,mblazevicdc@pagesperso-orange.fr,Female,242.204.41.7,4041595901359890,visa
482,Eloisa,Grogona,egrogonadd@comcast.net,Female,107.213.15.29,4017951277297060,visa
483,Siobhan,Menelaws,smenelawsde@tripod.com,Female,247.8.80.113,4041374796670580,visa
484,Hilary,Speeks,hspeeksdf@networkadvertising.org,Male,219.112.162.244,4522869596865,visa
485,Drake,Alvarado,dalvaradodg@mail.ru,Male,52.87.74.180,4017954063129,visa
486,Lucais,Garatty,lgarattydh@etsy.com,Male,106.180.18.199,374283523078467,americanexpress
487,Billie,Matterson,bmattersondi@adobe.com,Female,19.160.127.127,4017954132193980,visa
488,Ulises,Bachnic,ubachnicdj@forbes.com,Male,207.5.42.27,5205230196052780,mastercard
489,Lorri,Blaylock,lblaylockdk@de.vu,Female,13.79.224.48,4041377578117,visa
490,Gordy,Restorick,grestorickdl@loc.gov,Polygender,118.90.48.42,345626352018283,americanexpress
491,Philbert,Hellmer,phellmerdm@rambler.ru,Male,66.173.211.113,372301183217019,americanexpress
492,Dianemarie,Kinchley,dkinchleydn@ustream.tv,Female,181.171.25.157,4041370465880920,visa
493,Avivah,McQuaker,amcquakerdo@wix.com,Female,234.204.68.163,4041597616679710,visa
494,Sherill,Slides,sslidesdp@apache.org,Female,107.128.100.28,374288058507822,americanexpress
495,Sonja,Ringe,sringedq@hao123.com,Female,78.235.44.152,337941057297490,americanexpress
496,Maximo,Doughill,mdoughilldr@yahoo.co.jp,Male,203.196.220.213,5100140650774360,mastercard
497,Brigit,Renhard,brenhardds@google.pl,Female,182.50.108.189,372301567057171,americanexpress
498,Chelsy,Cornelius,ccorneliusdt@freewebs.com,Female,88.188.64.160,4041591258361050,visa
499,Derk,Quilkin,dquilkindu@gnu.org,Male,60.191.50.254,337941683757974,americanexpress
500,Uta,Rounsivall,urounsivalldv@geocities.jp,Female,123.6.36.29,374288404199571,americanexpress
501,Felicio,Lummus,flummusdw@dailymail.co.uk,Male,31.190.184.56,374283355560608,americanexpress
502,Horatia,Arnaut,harnautdx@amazon.co.jp,Female,245.154.30.14,374283631598695,americanexpress
503,Iseabal,Cowe,icowedy@twitter.com,Female,98.48.49.29,4563008963929770,visa
504,Korrie,Deneve,kdenevedz@ibm.com,Female,253.77.194.177,4041597777457,visa
505,Christen,Ker,ckere0@sohu.com,Female,107.250.143.141,5396561575595850,mastercard
506,Vilma,Brobak,vbrobake1@economist.com,Female,118.105.231.156,5100179660729740,mastercard
507,Morey,Woller,mwollere2@ed.gov,Male,162.238.139.17,4041599212905570,visa
508,Cash,Carroll,ccarrolle3@clickbank.net,Male,140.233.201.15,5169200529605600,mastercard
509,Bartlet,Heindrick,bheindricke4@is.gd,Male,52.148.89.43,4017951421464880,visa
510,Saundra,Sotheby,ssothebye5@bluehost.com,Male,108.82.220.127,374288598266509,americanexpress
511,Agatha,Klejin,aklejine6@jiathis.com,Female,195.1.0.65,5007668109318840,mastercard
512,Cybill,Canwell,ccanwelle7@hao123.com,Female,143.144.127.249,348833696201636,americanexpress
513,Germaine,Wagerfield,gwagerfielde8@latimes.com,Female,239.81.226.65,5541483277649730,mastercard
514,Philomena,O' Molan,pomolane9@jimdo.com,Female,62.88.148.247,337941203181069,americanexpress
515,Juliette,Klimaszewski,jklimaszewskiea@senate.gov,Female,201.243.63.161,5216807441778810,mastercard
516,Clementina,Eicke,ceickeeb@cdbaby.com,Female,221.124.233.34,5048378713852230,mastercard
517,Jaclyn,Wybern,jwybernec@ucoz.com,Female,136.34.194.53,374288869834654,americanexpress
518,Sol,Degnen,sdegnened@tmall.com,Male,25.86.184.236,4143782477925,visa
519,Leigh,Jouen,ljouenee@businesswire.com,Male,63.136.159.62,343480734015589,americanexpress
520,Belita,Ferraron,bferraronef@umich.edu,Female,188.46.176.75,4115571610338,visa
521,Brooks,McGowing,bmcgowingeg@fastcompany.com,Female,227.209.89.46,374622740929228,americanexpress
522,Catharina,Shiliton,cshilitoneh@nydailynews.com,Female,132.110.214.53,4935085607995,visa
523,Alina,Greedyer,agreedyerei@usda.gov,Female,246.118.177.20,4625343854279,visa
524,Skipp,Pyecroft,spyecroftej@cafepress.com,Male,121.198.118.101,4041595584525,visa
525,Mina,Giovannardi,mgiovannardiek@ucoz.com,Female,124.94.144.192,5285069564635360,mastercard
526,Billye,Blackall,bblackallel@soundcloud.com,Female,87.83.237.16,4368829490843,visa
527,Kellyann,Willisch,kwillischem@globo.com,Female,91.127.195.212,5108752106753510,mastercard
528,Rickie,Pringer,rpringeren@berkeley.edu,Male,134.96.251.90,337941126393973,americanexpress
529,Annamaria,Carnier,acarniereo@yellowbook.com,Genderqueer,107.120.203.153,374622755373437,americanexpress
530,Cirilo,Clues,ccluesep@networksolutions.com,Male,1.180.219.134,5515033647738950,mastercard
531,Sapphire,Toyer,stoyereq@illinois.edu,Female,152.174.140.109,5104541984255280,mastercard
532,Hurleigh,McCooke,hmccookeer@usatoday.com,Male,31.183.253.98,337941741468630,americanexpress
533,Stanford,Calyton,scalytones@alexa.com,Male,204.97.254.105,4041376097937,visa
534,Murielle,Tourmell,mtourmellet@photobucket.com,Female,54.202.49.223,5100135607408180,mastercard
535,Biddie,Fortesquieu,bfortesquieueu@buzzfeed.com,Female,218.47.215.164,5100131295626390,mastercard
536,Nester,Stretton,nstrettonev@google.co.uk,Male,195.87.30.56,4041374998603390,visa
537,Maddy,Bugby,mbugbyew@nhs.uk,Male,191.147.93.66,4041593341046890,visa
538,Brandea,Slocum,bslocumex@arizona.edu,Female,93.120.113.214,4017953499456410,visa
539,Tommy,Sadat,tsadatey@rambler.ru,Male,149.169.190.204,5002355166380820,mastercard
540,Trey,Cockhill,tcockhillez@technorati.com,Male,188.179.190.87,5397893347998260,mastercard
541,Gael,Labden,glabdenf0@blog.com,Female,89.24.98.48,374622707889159,americanexpress
542,Korey,Newiss,knewissf1@sfgate.com,Male,177.238.106.170,5546848143713190,mastercard
543,Lind,Ure,luref2@ocn.ne.jp,Female,99.9.48.205,374622435914972,americanexpress
544,Serge,Saich,ssaichf3@theguardian.com,Male,239.211.2.7,5100178570201850,mastercard
545,Lib,Crossingham,lcrossinghamf4@narod.ru,Female,238.163.254.143,5338582636406190,mastercard
546,Ernest,Huntar,ehuntarf5@utexas.edu,Male,108.79.232.74,349681406728524,americanexpress
547,Simonette,O'Callaghan,socallaghanf6@webs.com,Agender,201.251.92.98,5125168758380390,mastercard
548,Andeee,Ellph,aellphf7@webs.com,Female,208.84.14.237,4041372188821,visa
549,Renard,Atwill,ratwillf8@nifty.com,Male,57.104.175.120,337941655264041,americanexpress
550,Leroi,Losano,llosanof9@macromedia.com,Male,236.151.183.156,347597948771198,americanexpress
551,Katy,Romanini,kromaninifa@gmpg.org,Agender,207.52.86.238,374622969756971,americanexpress
552,Leonid,Dutt,lduttfb@google.co.jp,Male,207.47.63.48,5100176735732260,mastercard
553,Elmira,Jobern,ejobernfc@patch.com,Female,81.83.37.36,372301568731584,americanexpress
554,Hillie,Shrimptone,hshrimptonefd@craigslist.org,Male,118.91.26.20,4041599613416550,visa
555,Jedd,Hemphall,jhemphallfe@123-reg.co.uk,Genderfluid,26.157.45.107,4041590951182,visa
556,Michaela,Proby,mprobyff@nyu.edu,Female,173.198.94.0,4017951012702200,visa
557,Elbert,Fairpool,efairpoolfg@joomla.org,Bigender,248.20.92.8,4041374595908,visa
558,Marsha,Dowdle,mdowdlefh@google.com,Female,114.32.200.97,4041594034975380,visa
559,Granville,Ingleson,ginglesonfi@scientificamerican.com,Male,97.118.19.249,5108751854753820,mastercard
560,Frederigo,Burk,fburkfj@abc.net.au,Male,234.228.20.206,4041372526954840,visa
561,Junina,Felderer,jfeldererfk@infoseek.co.jp,Female,124.6.12.124,4041373446657,visa
562,Dari,Bodycombe,dbodycombefl@dell.com,Female,65.95.251.187,5100134939609160,mastercard
563,Willa,Wey,wweyfm@zimbio.com,Female,112.127.186.153,4017959902602,visa
564,Porter,Meatcher,pmeatcherfn@vkontakte.ru,Genderqueer,52.98.160.188,5135739395549450,mastercard
565,Loise,Ganderton,lgandertonfo@vk.com,Agender,139.238.204.148,374288561453209,americanexpress
566,Dave,Kinchley,dkinchleyfp@cornell.edu,Genderfluid,100.244.186.227,4582575050643720,visa
567,Darlleen,Klemps,dklempsfq@mac.com,Female,242.234.29.176,5100146684705410,mastercard
568,Dorie,Ricardot,dricardotfr@yandex.ru,Male,225.122.160.120,5100141668054950,mastercard
569,Gardie,Teese,gteesefs@wiley.com,Male,9.11.207.242,5100179576243820,mastercard
570,Hart,Whorton,hwhortonft@mediafire.com,Male,225.158.39.207,374622515718558,americanexpress
571,Tatiana,Boome,tboomefu@tuttocitta.it,Female,204.84.37.70,5540422696302400,mastercard
572,Marieann,Beville,mbevillefv@domainmarket.com,Female,230.189.49.175,5410098920380620,mastercard
573,Elwood,Carluccio,ecarlucciofw@loc.gov,Male,109.36.217.107,5250198883454370,mastercard
574,Spenser,De'Ath,sdeathfx@pen.io,Male,94.75.201.219,5100148648935100,mastercard
575,Gino,Aylen,gaylenfy@latimes.com,Male,0.32.57.62,374283971658034,americanexpress
576,Gwenny,Gask,ggaskfz@globo.com,Female,195.184.255.8,4224738068016510,visa
577,Dougie,Kuhne,dkuhneg0@acquirethisname.com,Male,83.110.243.34,4041592303929,visa
578,Ddene,Bruhnsen,dbruhnseng1@ask.com,Female,108.181.197.10,372301064855861,americanexpress
579,Brenna,McGuane,bmcguaneg2@dot.gov,Female,82.103.223.150,378997815598199,americanexpress
580,Lyndell,Moukes,lmoukesg3@unblog.fr,Female,101.95.127.75,5100146219557780,mastercard
581,Feodor,Rassell,frassellg4@example.com,Male,116.137.65.215,337941710532416,americanexpress
582,Reggie,Tommeo,rtommeog5@wikimedia.org,Male,122.235.237.168,378987467883395,americanexpress
583,Morna,Huddy,mhuddyg6@posterous.com,Female,196.160.21.234,4302589892393,visa
584,Lilian,Dessent,ldessentg7@yahoo.com,Female,19.100.72.196,374288527020449,americanexpress
585,Carmon,Felton,cfeltong8@ucla.edu,Female,192.19.70.126,4017953867614100,visa
586,Filberte,Shearsby,fshearsbyg9@scientificamerican.com,Polygender,126.92.238.139,5306459146111860,mastercard
587,Ryley,McGirl,rmcgirlga@hubpages.com,Male,218.230.25.65,5526837119094630,mastercard
588,Sebastien,Hovey,shoveygb@exblog.jp,Male,181.105.22.197,5451216417205900,mastercard
589,Woodie,Normanton,wnormantongc@edublogs.org,Male,165.125.242.44,5364177317668480,mastercard
590,Erie,Pollastro,epollastrogd@jiathis.com,Male,69.158.160.45,372301825724786,americanexpress
591,Nelson,Riby,nribyge@weebly.com,Male,195.217.86.185,374622113358724,americanexpress
592,Jerrylee,Skeats,jskeatsgf@goodreads.com,Female,46.144.209.157,5400696316794830,mastercard
593,Elvin,Congreve,econgrevegg@cnet.com,Agender,72.44.189.248,5010121735363140,mastercard
594,Horten,Lafayette,hlafayettegh@hatena.ne.jp,Male,157.149.106.182,4041591267592650,visa
595,Gerhardt,McMichan,gmcmichangi@slate.com,Male,220.228.255.107,4041372806380,visa
596,Obed,Downton,odowntongj@reuters.com,Male,203.49.157.90,374283928559236,americanexpress
597,Ynez,Morrieson,ymorriesongk@sciencedirect.com,Female,128.228.147.45,374283595248428,americanexpress
598,Chrissy,Rilton,criltongl@eventbrite.com,Male,157.171.228.53,372301224899650,americanexpress
599,Bernadene,Dudek,bdudekgm@lulu.com,Female,54.183.63.91,4041378024178,visa
600,Aurore,Kerwick,akerwickgn@theguardian.com,Female,144.137.69.254,5100137533479530,mastercard
601,Jecho,Ponde,jpondego@senate.gov,Male,234.182.175.211,4041378572341,visa
602,Cameron,Obee,cobeegp@engadget.com,Male,165.200.51.205,374283488000464,americanexpress
603,Thelma,Manchett,tmanchettgq@foxnews.com,Female,249.234.120.117,4041598375384,visa
604,Isa,Tremeer,itremeergr@yandex.ru,Female,7.9.53.249,5501341156507840,mastercard
605,Darnall,Paoli,dpaoligs@about.com,Male,89.12.118.160,4840977978334930,visa
606,Benedikt,Oldcote,boldcotegt@ibm.com,Male,203.165.162.206,5272098734932930,mastercard
607,Doris,Mallabone,dmallabonegu@cloudflare.com,Genderqueer,226.122.246.192,4041598668838,visa
608,Rubin,Swabey,rswabeygv@webs.com,Male,115.145.69.232,5100174318593920,mastercard
609,Purcell,Staples,pstaplesgw@auda.org.au,Male,111.75.78.79,374622506735306,americanexpress
610,Wilone,Dunbavin,wdunbavingx@java.com,Female,174.59.75.77,374283913895645,americanexpress
611,Elwin,Hince,ehincegy@unicef.org,Male,142.74.132.202,5007664544596770,mastercard
612,Earle,Shellsheere,eshellsheeregz@wired.com,Male,64.203.49.128,5505556912858660,mastercard
613,Idalia,Morman,imormanh0@imageshack.us,Female,5.192.253.23,5100175347778150,mastercard
614,Ari,Holdin,aholdinh1@nydailynews.com,Genderfluid,64.3.135.55,337941290265353,americanexpress
615,Redford,Askell,raskellh2@microsoft.com,Male,19.107.68.205,4017954139423920,visa
616,Arabela,Pele,apeleh3@bing.com,Female,174.241.190.167,347978429945685,americanexpress
617,Kaycee,Ailward,kailwardh4@google.de,Female,32.80.229.165,337941526605018,americanexpress
618,Addy,Arpino,aarpinoh5@joomla.org,Female,237.253.247.214,5539810076326540,mastercard
619,Emmerich,Innocenti,einnocentih6@taobao.com,Male,119.110.169.111,4041598948198,visa
620,Bella,McKinn,bmckinnh7@soup.io,Genderfluid,45.0.176.52,5100146675898150,mastercard
621,Kalli,Garvan,kgarvanh8@jugem.jp,Genderqueer,168.23.196.185,5523837078212450,mastercard
622,Vick,Rosenfeld,vrosenfeldh9@china.com.cn,Male,55.95.39.70,4041375738010,visa
623,Way,Dorran,wdorranha@nationalgeographic.com,Male,247.31.75.207,4041596264043510,visa
624,Mina,Drei,mdreihb@ibm.com,Female,99.214.190.159,4129378854148,visa
625,D'arcy,Dyball,ddyballhc@marriott.com,Male,178.87.251.101,4041376285359,visa
626,Phil,Pheby,pphebyhd@imdb.com,Male,206.238.114.188,4017956197107,visa
627,Goldy,Sweynson,gsweynsonhe@pbs.org,Female,223.248.18.22,5002359107147920,mastercard
628,Inness,Kobel,ikobelhf@vinaora.com,Male,24.147.9.42,4017959996035600,visa
629,Sky,Heinreich,sheinreichhg@mayoclinic.com,Male,253.131.165.3,5048373642627080,mastercard
630,Zacherie,Roxby,zroxbyhh@github.com,Male,88.0.117.196,372301372301343,americanexpress
631,Barry,Cultcheth,bcultchethhi@businessinsider.com,Male,17.143.200.45,4041593687482850,visa
632,Mack,Worthing,mworthinghj@biglobe.ne.jp,Male,177.230.154.9,4017951836382740,visa
633,Rheta,Cherry Holme,rcherryholmehk@prweb.com,Female,49.251.90.0,5007669751691390,mastercard
634,Shandeigh,Scotts,sscottshl@mlb.com,Female,136.134.168.48,374288038355490,americanexpress
635,Malvin,Terney,mterneyhm@globo.com,Male,152.55.207.185,5100143476264370,mastercard
636,Urban,Jenkison,ujenkisonhn@moonfruit.com,Male,153.79.235.27,375676597197619,americanexpress
637,Ripley,Glawsop,rglawsopho@de.vu,Male,244.130.20.154,349652143977492,americanexpress
638,Mabelle,Etuck,metuckhp@ning.com,Female,210.225.166.248,378959631171817,americanexpress
639,Dalia,Isaacs,disaacshq@ifeng.com,Female,62.246.6.243,5007666068563250,mastercard
640,Melisenda,Herche,mherchehr@google.co.uk,Female,211.191.42.48,372301720156969,americanexpress
641,Jeniece,Crosi,jcrosihs@com.com,Female,248.23.188.61,4339693314922,visa
642,Harrie,Olyonov,holyonovht@aboutads.info,Female,152.39.16.160,5100171316302870,mastercard
643,Benji,Yandell,byandellhu@usgs.gov,Male,254.96.111.28,349826994102224,americanexpress
644,Missie,Ackeroyd,mackeroydhv@istockphoto.com,Female,156.231.99.90,5108750070895870,mastercard
645,Melba,Sloam,msloamhw@sciencedaily.com,Female,198.149.223.101,5007663322999340,mastercard
646,Terri-jo,Castelain,tcastelainhx@ebay.co.uk,Female,94.243.117.210,5542730712066790,mastercard
647,Kermit,Shelborne,kshelbornehy@skype.com,Male,227.8.187.124,337941908418394,americanexpress
648,Alika,McClintock,amcclintockhz@networkadvertising.org,Agender,146.213.32.144,5007666707337010,mastercard
649,Theodor,Davidson,tdavidsoni0@ihg.com,Male,172.169.160.190,5007661754487690,mastercard
650,Milo,Doni,mdonii1@flickr.com,Male,31.32.52.127,374283096756705,americanexpress
651,Kalli,Wakeley,kwakeleyi2@newyorker.com,Female,57.195.243.77,4955508239825640,visa
652,Frasier,Skevington,fskevingtoni3@linkedin.com,Male,64.41.226.21,345256364631228,americanexpress
653,Reginald,Rainford,rrainfordi4@networksolutions.com,Male,220.227.196.25,347512489462560,americanexpress
654,Georas,Dundredge,gdundredgei5@blogger.com,Male,190.0.5.51,4017959802802,visa
655,Leroi,Calwell,lcalwelli6@blog.com,Male,171.126.44.40,5100142126539030,mastercard
656,Giuseppe,Bearward,gbearwardi7@google.co.uk,Male,78.17.224.33,5100133796816940,mastercard
657,Laina,Jarmain,ljarmaini8@people.com.cn,Female,128.15.144.158,4017952672072910,visa
658,Ursula,Brunelleschi,ubrunelleschii9@cbsnews.com,Female,173.35.92.18,374288537176694,americanexpress
659,Dedie,Barg,dbargia@earthlink.net,Female,250.33.160.167,5100170569213670,mastercard
660,Saraann,Pain,spainib@globo.com,Polygender,242.139.44.123,5229567694226180,mastercard
661,Michell,Couves,mcouvesic@blog.com,Female,59.235.41.92,5558588847871360,mastercard
662,Howey,Openshaw,hopenshawid@livejournal.com,Non-binary,13.30.4.33,4871039005186,visa
663,Chantal,Vennings,cvenningsie@japanpost.jp,Female,72.15.188.59,4041370504474,visa
664,Abe,Maypes,amaypesif@tumblr.com,Male,77.249.242.141,5145383014807320,mastercard
665,Torrence,Yanyushkin,tyanyushkinig@rambler.ru,Male,202.198.19.19,4041591900643340,visa
666,Der,Acres,dacresih@gov.uk,Male,40.111.76.56,5100136777985790,mastercard
667,Oliviero,Waldram,owaldramii@youtube.com,Male,182.4.178.123,4041594173924,visa
668,Dugald,Cardall,dcardallij@spiegel.de,Male,242.127.182.144,4041379564586,visa
669,Darcee,Shmyr,dshmyrik@apache.org,Female,109.156.109.56,5048378890196890,mastercard
670,Rodi,Peacop,rpeacopil@businessweek.com,Genderqueer,107.179.125.96,342691453919915,americanexpress
671,Chantalle,Brody,cbrodyim@a8.net,Female,253.184.78.254,345137459185587,americanexpress
672,Ros,Strank,rstrankin@desdev.cn,Non-binary,195.1.53.109,5048372018862220,mastercard
673,Elvera,Theunissen,etheunissenio@reddit.com,Female,161.151.163.189,372301487165534,americanexpress
674,Daphna,McKechnie,dmckechnieip@uol.com.br,Female,67.49.114.248,5010124438760780,mastercard
675,Murry,Paley,mpaleyiq@washington.edu,Male,175.241.130.155,5319746444776960,mastercard
676,Cherie,Hansemann,chansemannir@businessinsider.com,Non-binary,124.109.58.214,348888904068995,americanexpress
677,Gwen,Scogin,gscoginis@businesswire.com,Female,84.136.162.119,5100137920615150,mastercard
678,Mic,Bucklee,mbuckleeit@howstuffworks.com,Male,161.169.254.119,376809347639338,americanexpress
679,Elysia,Gilderoy,egilderoyiu@ucsd.edu,Female,225.208.219.107,5108751480457480,mastercard
680,Deeann,De Matteis,ddematteisiv@statcounter.com,Female,184.241.10.47,5277023731560760,mastercard
681,Delaney,Balsillie,dbalsillieiw@skype.com,Male,222.146.161.43,4017957428491310,visa
682,Carlyle,Coultard,ccoultardix@w3.org,Male,0.177.41.51,4017958589008570,visa
683,Massimo,Mapstone,mmapstoneiy@redcross.org,Male,14.217.21.147,337941083581057,americanexpress
684,Drake,Scolland,dscollandiz@time.com,Male,19.21.16.198,375874123089679,americanexpress
685,Craggy,Farr,cfarrj0@senate.gov,Genderqueer,94.120.135.122,5417949730700730,mastercard
686,Olivier,Gwilym,ogwilymj1@com.com,Male,241.124.198.176,374288219226122,americanexpress
687,Olav,Scurrah,oscurrahj2@hubpages.com,Male,7.194.135.116,5100141787057220,mastercard
688,Malinde,Pawlick,mpawlickj3@oaic.gov.au,Female,126.216.206.124,4041595614598020,visa
689,Joyce,Alastair,jalastairj4@who.int,Female,206.45.209.89,4041374727936110,visa
690,Zonda,Ilyushkin,zilyushkinj5@home.pl,Female,43.131.2.194,5007660369433710,mastercard
691,Devlin,Hinnerk,dhinnerkj6@exblog.jp,Male,68.16.37.50,5239498611876250,mastercard
692,Anna-diane,Tenpenny,atenpennyj7@samsung.com,Female,155.221.38.224,4220145596789,visa
693,Kaycee,Milliken,kmillikenj8@omniture.com,Female,60.253.211.73,5100133863528190,mastercard
694,Bastian,Vannuccinii,bvannucciniij9@china.com.cn,Male,25.84.220.96,5007660097536680,mastercard
695,Francois,Chipps,fchippsja@sina.com.cn,Male,118.206.20.166,374283345409098,americanexpress
696,Hyacinthe,Aubrun,haubrunjb@usgs.gov,Female,2.187.222.89,370366836662582,americanexpress
697,Dawna,Windross,dwindrossjc@webnode.com,Female,63.0.194.95,4623642867423,visa
698,Beret,Vernau,bvernaujd@indiegogo.com,Female,195.135.111.36,374283496148396,americanexpress
699,Evelyn,Sarfati,esarfatije@blogger.com,Female,163.7.3.69,349200373814967,americanexpress
700,Lydon,Albertson,lalbertsonjf@utexas.edu,Male,251.32.84.193,371152413059882,americanexpress
701,Maggy,Eastcott,meastcottjg@livejournal.com,Female,142.200.215.98,337941103106281,americanexpress
702,Ruddie,Bielfeldt,rbielfeldtjh@gizmodo.com,Male,232.227.220.7,4494594249272280,visa
703,Patton,Beastall,pbeastallji@people.com.cn,Male,58.13.174.206,4041376693578,visa
704,Claire,Juszczyk,cjuszczykjj@arstechnica.com,Female,172.189.157.144,5100170019247410,mastercard
705,Dewain,Rilton,driltonjk@vistaprint.com,Male,175.19.246.81,4041591528453880,visa
706,Alis,Thain,athainjl@themeforest.net,Female,249.86.194.115,5187908854533920,mastercard
707,Jodee,Baselio,jbaseliojm@newyorker.com,Female,221.169.12.48,4901388096915590,visa
708,Barty,Woollaston,bwoollastonjn@foxnews.com,Male,45.206.111.211,4625501287160640,visa
709,Hannie,Slocum,hslocumjo@creativecommons.org,Female,0.125.62.148,5492436933220510,mastercard
710,Bordy,Mates,bmatesjp@zimbio.com,Male,15.227.104.201,5100177422079060,mastercard
711,Hi,Kloisner,hkloisnerjq@unesco.org,Male,4.41.158.228,374288905888664,americanexpress
712,Blaine,Coopper,bcoopperjr@delicious.com,Male,37.46.117.36,5007663904670830,mastercard
713,Joete,Peddowe,jpeddowejs@mapquest.com,Bigender,231.29.182.85,5048371564504060,mastercard
714,Enrico,Ashbee,eashbeejt@youtu.be,Male,213.140.221.69,5100141731187990,mastercard
715,Josefa,Harman,jharmanju@ebay.co.uk,Female,173.40.167.89,4041598257724750,visa
716,Adair,Butterly,abutterlyjv@usda.gov,Male,224.109.169.9,374288105436900,americanexpress
717,Diane,Crutchley,dcrutchleyjw@google.ru,Female,149.179.27.150,4017951508506,visa
718,Elvina,Keymer,ekeymerjx@dyndns.org,Female,97.181.12.123,5496398391199180,mastercard
719,Dall,O' Brian,dobrianjy@bbc.co.uk,Male,77.192.102.151,4437218317279,visa
720,Michail,Brugman,mbrugmanjz@chron.com,Male,6.80.105.151,374288924897498,americanexpress
721,Law,Wycherley,lwycherleyk0@discovery.com,Male,149.19.20.63,5184221469701240,mastercard
722,Danita,Pinch,dpinchk1@issuu.com,Female,58.230.64.203,4730501330620160,visa
723,Brose,Sline,bslinek2@pagesperso-orange.fr,Male,168.85.164.150,346006586533341,americanexpress
724,Sherwynd,Marner,smarnerk3@shinystat.com,Male,62.165.113.228,5108751844528590,mastercard
725,Milty,Erswell,merswellk4@shinystat.com,Male,210.54.189.6,4041377456876,visa
726,Koralle,Tringham,ktringhamk5@noaa.gov,Female,11.58.178.74,374288520425694,americanexpress
727,Waylan,Keelin,wkeelink6@exblog.jp,Genderfluid,202.24.181.69,4041598510048560,visa
728,Fara,Corday,fcordayk7@phoca.cz,Female,111.0.76.74,4205627865687,visa
729,Ruttger,Gorghetto,rgorghettok8@skype.com,Genderfluid,239.14.199.96,374622700500282,americanexpress
730,Terri,Lilbourne,tlilbournek9@geocities.com,Female,122.16.32.188,5451658997989400,mastercard
731,Karalynn,Ferrero,kferreroka@photobucket.com,Female,241.122.62.176,4041371913935370,visa
732,Wakefield,Hearl,whearlkb@thetimes.co.uk,Male,120.252.22.78,4017953419652,visa
733,Caril,Coxhell,ccoxhellkc@toplist.cz,Female,154.64.242.227,4041374908754560,visa
734,Julia,Bonifazio,jbonifaziokd@forbes.com,Female,104.176.214.11,5582031061313760,mastercard
735,Allis,Percifull,apercifullke@taobao.com,Female,172.142.78.185,370292427927079,americanexpress
736,Hedwig,Tingly,htinglykf@posterous.com,Female,71.52.181.226,4041370948903,visa
737,Dyan,Cosin,dcosinkg@trellian.com,Female,141.35.19.159,5100172044220820,mastercard
738,Stella,Aliberti,salibertikh@bizjournals.com,Female,60.60.253.130,374283323334490,americanexpress
739,Bettine,enzley,benzleyki@etsy.com,Polygender,197.144.217.72,4017958894784,visa
740,Filip,Dillinton,fdillintonkj@apache.org,Male,111.110.213.214,4041373749027880,visa
741,Michale,Mergue,mmerguekk@nbcnews.com,Male,71.54.97.68,348812325313350,americanexpress
742,Catie,Copestake,ccopestakekl@com.com,Female,180.65.44.67,4041594552688380,visa
743,Terese,Witnall,twitnallkm@uol.com.br,Female,51.114.42.44,5156634721026790,mastercard
744,Jackie,Chomiszewski,jchomiszewskikn@reuters.com,Male,189.166.100.95,337941886582898,americanexpress
745,Morissa,Wintringham,mwintringhamko@china.com.cn,Female,25.134.178.121,374283726598196,americanexpress
746,Thedrick,Elsley,telsleykp@is.gd,Male,63.219.196.188,4171432262725730,visa
747,Danica,Trussler,dtrusslerkq@youku.com,Female,125.210.235.113,374283484893615,americanexpress
748,Allin,Dummer,adummerkr@aol.com,Male,220.226.232.66,5428431522302140,mastercard
749,Noelyn,Goldsbury,ngoldsburyks@earthlink.net,Female,29.54.154.155,4017959060591,visa
750,Tomas,O'Hagerty,tohagertykt@cbc.ca,Male,242.103.227.116,4041376098050230,visa
751,Olly,Jiggle,ojiggleku@vkontakte.ru,Female,163.134.35.245,4017955830764370,visa
752,Neall,Tallach,ntallachkv@icio.us,Male,30.47.210.198,374622842938077,americanexpress
753,Bethina,Foskett,bfoskettkw@github.io,Female,29.119.2.218,4439426936437930,visa
754,Anthia,Bastie,abastiekx@ezinearticles.com,Female,72.115.168.74,337941345123045,americanexpress
755,Ainslie,Siaspinski,asiaspinskiky@cdc.gov,Female,193.144.109.216,4017955471214,visa
756,Hagan,Farrah,hfarrahkz@ucla.edu,Polygender,104.244.211.177,4726880403239,visa
757,Grady,Cowdray,gcowdrayl0@istockphoto.com,Male,37.50.73.26,374283101955110,americanexpress
758,Pietrek,Esler,peslerl1@themeforest.net,Male,159.201.200.203,5100147647073960,mastercard
759,Hershel,Zukierman,hzukiermanl2@360.cn,Male,200.213.54.81,4017958008567,visa
760,Lionel,Readitt,lreadittl3@friendfeed.com,Male,180.53.160.202,4017953506797,visa
761,Valencia,Gallo,vgallol4@posterous.com,Female,204.5.167.149,5580166909413040,mastercard
762,Leanora,Warham,lwarhaml5@japanpost.jp,Female,20.7.106.164,374283678748294,americanexpress
763,Samaria,Ribchester,sribchesterl6@discovery.com,Female,148.110.82.9,5007666128103430,mastercard
764,Bamby,Swales,bswalesl7@utexas.edu,Female,157.116.70.114,374622871171772,americanexpress
765,Clemmy,Ricards,cricardsl8@newyorker.com,Male,152.47.77.84,4041375074672590,visa
766,Bridie,Carlens,bcarlensl9@comsenz.com,Female,143.118.198.88,5100133493023880,mastercard
767,Albert,Rosita,arositala@sbwire.com,Male,75.53.54.246,5010124386077240,mastercard
768,Fanchette,Castanos,fcastanoslb@ihg.com,Female,86.10.208.169,348984018443073,americanexpress
769,Merrily,Siaspinski,msiaspinskilc@dot.gov,Female,212.212.249.151,5007669316655080,mastercard
770,Christoph,Symons,csymonsld@oracle.com,Male,72.40.26.92,5230529625268110,mastercard
771,Vonni,Kadd,vkaddle@devhub.com,Female,55.196.12.0,5100131330768130,mastercard
772,Ileane,Bart,ibartlf@mysql.com,Female,195.146.30.32,5108755607354110,mastercard
773,Mike,Cankett,mcankettlg@moonfruit.com,Male,125.5.170.10,5002359927862460,mastercard
774,Edsel,Dumingos,edumingoslh@bluehost.com,Male,84.18.17.108,372301765477452,americanexpress
775,Charin,Bazeley,cbazeleyli@wix.com,Female,244.238.156.172,5010124344541120,mastercard
776,Zebulen,Yancey,zyanceylj@nasa.gov,Male,188.144.135.14,342527855342340,americanexpress
777,Morgan,Woodwind,mwoodwindlk@patch.com,Female,96.14.81.115,5108759532251530,mastercard
778,Bobbye,Thebeau,bthebeaull@soundcloud.com,Female,201.196.116.221,5355605560211460,mastercard
779,Melany,Satterly,msatterlylm@hhs.gov,Female,164.218.173.50,4041592281893,visa
780,Andriana,Renshall,arenshallln@timesonline.co.uk,Female,46.230.162.71,4017959557432740,visa
781,Brook,McNulty,bmcnultylo@home.pl,Agender,243.245.98.111,347243346591538,americanexpress
782,Jada,Dreghorn,jdreghornlp@digg.com,Female,29.47.120.6,4813583036490580,visa
783,Paquito,Kuhndel,pkuhndellq@uiuc.edu,Male,183.200.210.97,370748105416370,americanexpress
784,Chane,Paik,cpaiklr@upenn.edu,Male,123.17.45.11,4041597405950,visa
785,Washington,O'Halloran,wohalloranls@list-manage.com,Male,191.59.55.47,5007660622042020,mastercard
786,Dwight,Stapels,dstapelslt@skype.com,Male,160.176.54.180,4041592814222,visa
787,Zebulen,Schruyers,zschruyerslu@liveinternet.ru,Male,107.55.18.159,5007669616356990,mastercard
788,Augie,Ors,aorslv@mapy.cz,Male,202.165.99.164,374283660169962,americanexpress
789,Rafaela,Plaskett,rplaskettlw@npr.org,Female,196.44.116.122,5100145717876180,mastercard
790,Gale,Walesby,gwalesbylx@usgs.gov,Female,143.164.179.209,4041373320346770,visa
791,Shana,Delwater,sdelwaterly@cpanel.net,Female,145.213.194.51,374283392561312,americanexpress
792,Boyd,Kinnane,bkinnanelz@slashdot.org,Male,4.133.182.231,372143673410534,americanexpress
793,Sheff,Sangster,ssangsterm0@jimdo.com,Male,229.80.69.172,372301994231225,americanexpress
794,Dian,Campagne,dcampagnem1@springer.com,Agender,248.137.209.101,5226264007706650,mastercard
795,Clive,Awdry,cawdrym2@huffingtonpost.com,Male,81.125.152.151,5010127812668740,mastercard
796,Gordy,Robker,grobkerm3@ebay.co.uk,Male,197.23.248.123,372301478909361,americanexpress
797,Teodora,Cowern,tcowernm4@bloglines.com,Female,190.219.37.179,4087414845589,visa
798,Donnell,Pechan,dpechanm5@furl.net,Male,32.59.85.53,4248464460217370,visa
799,Yolande,Claughton,yclaughtonm6@elegantthemes.com,Female,96.129.234.103,5108756538387570,mastercard
800,Edward,Moyers,emoyersm7@acquirethisname.com,Male,84.207.216.73,374288115228610,americanexpress
801,Thornton,Dyott,tdyottm8@google.pl,Male,209.229.97.63,4041378070262,visa
802,Thomasa,Trayes,ttrayesm9@marriott.com,Female,160.42.255.139,4041370722705010,visa
803,Rawley,De Zamudio,rdezamudioma@hugedomains.com,Male,39.125.135.215,5237259361286820,mastercard
804,Holmes,Valti,hvaltimb@facebook.com,Genderqueer,75.30.48.196,374622665923297,americanexpress
805,Edgard,Caff,ecaffmc@apple.com,Male,114.83.149.100,5108750813130520,mastercard
806,Hamel,Spitaro,hspitaromd@nsw.gov.au,Male,211.83.135.13,337941948862320,americanexpress
807,Roxana,Rainbird,rrainbirdme@oaic.gov.au,Female,213.195.81.170,5007667545305080,mastercard
808,Sly,Elmer,selmermf@eepurl.com,Male,25.197.229.198,4909201252945,visa
809,Uriel,Cavan,ucavanmg@alexa.com,Male,208.102.28.229,5100170475364410,mastercard
810,Zorine,Cowtherd,zcowtherdmh@hibu.com,Female,232.165.197.151,376422099930564,americanexpress
811,Shannan,Grishinov,sgrishinovmi@addtoany.com,Male,150.153.201.37,4017957357965,visa
812,Malachi,Maude,mmaudemj@mysql.com,Male,137.105.118.32,374622210436894,americanexpress
813,Anatol,Hawkyens,ahawkyensmk@hatena.ne.jp,Male,52.108.137.151,4017956503494,visa
814,Corabella,Wisdish,cwisdishml@1688.com,Female,180.202.248.173,374288014796428,americanexpress
815,Nicko,Annand,nannandmm@nps.gov,Male,25.194.166.224,4041591846233,visa
816,Calla,Crookes,ccrookesmn@plala.or.jp,Genderfluid,233.254.69.105,374622437468100,americanexpress
817,Kate,Myrie,kmyriemo@unblog.fr,Female,49.83.145.229,5048377793193980,mastercard
818,Mahalia,Crockatt,mcrockattmp@spiegel.de,Female,223.167.88.81,5259591274523500,mastercard
819,Duncan,Richings,drichingsmq@alibaba.com,Male,30.90.41.71,5100175330929140,mastercard
820,Rozella,Spensley,rspensleymr@github.io,Female,179.105.140.115,5510342182209700,mastercard
821,Lyndsie,Baselio,lbaselioms@google.ru,Female,133.80.165.207,5171241888080260,mastercard
822,Kermy,Poulter,kpoultermt@booking.com,Male,3.117.175.43,5271114761569200,mastercard
823,Archambault,Sidaway,asidawaymu@examiner.com,Male,61.28.41.93,372301508458660,americanexpress
824,Thadeus,Marten,tmartenmv@spotify.com,Male,91.38.117.39,4017953240348,visa
825,Clementius,Twigg,ctwiggmw@360.cn,Male,147.84.253.219,4041590960303970,visa
826,Olenolin,Pauncefort,opauncefortmx@home.pl,Male,74.125.104.169,374622925561267,americanexpress
827,Chrysler,Wilshire,cwilshiremy@a8.net,Female,157.32.203.106,5007664360499210,mastercard
828,Hinda,Pevsner,hpevsnermz@altervista.org,Female,54.239.118.112,374622635245524,americanexpress
829,Davine,Sprankling,dspranklingn0@canalblog.com,Female,193.138.25.211,5258085567202130,mastercard
830,Tiffi,Measey,tmeaseyn1@51.la,Bigender,163.211.137.147,372301817074539,americanexpress
831,Hadleigh,Shillitto,hshillitton2@chicagotribune.com,Male,225.135.243.160,4041599582731,visa
832,Wilone,Fulton,wfultonn3@google.pl,Female,114.253.3.151,374288671962081,americanexpress
833,Babita,Sparey,bspareyn4@edublogs.org,Female,159.29.168.88,5048374953640570,mastercard
834,Issie,Vause,ivausen5@naver.com,Female,110.65.111.235,5100141534582060,mastercard
835,Aluin,Pinnere,apinneren6@goo.gl,Male,40.236.112.95,4732876395264,visa
836,Orelle,Kunzler,okunzlern7@dmoz.org,Female,183.128.68.138,4816270542702,visa
837,Jehu,Wemm,jwemmn8@joomla.org,Male,37.75.34.77,377505069949116,americanexpress
838,Mellisa,Bubear,mbubearn9@topsy.com,Female,155.98.60.82,5100140022510060,mastercard
839,Eliot,Paslow,epaslowna@nytimes.com,Male,155.186.29.76,374283970151940,americanexpress
840,Nance,McIlroy,nmcilroynb@scribd.com,Female,229.248.28.130,4017953070554,visa
841,Blake,Isaaksohn,bisaaksohnnc@friendfeed.com,Female,249.216.140.144,4041595568015,visa
842,Pauly,Broster,pbrosternd@mashable.com,Female,71.127.98.97,4803978687484,visa
843,Briney,Adao,badaone@usda.gov,Female,147.138.124.63,372301560340590,americanexpress
844,Abie,Cardiff,acardiffnf@utexas.edu,Male,87.182.191.159,4041371397753210,visa
845,Sigrid,Giacobbo,sgiacobbong@epa.gov,Female,252.206.103.41,372301900552318,americanexpress
846,Elayne,Hast,ehastnh@photobucket.com,Female,224.159.71.116,373807798576531,americanexpress
847,Bonnie,McLoughlin,bmcloughlinni@cnbc.com,Female,82.104.53.0,372301741508669,americanexpress
848,Gerik,Samsworth,gsamsworthnj@wufoo.com,Male,61.162.1.238,5232634983207370,mastercard
849,Piotr,MacParland,pmacparlandnk@hp.com,Male,220.64.142.238,4017954908414,visa
850,Zachery,Harland,zharlandnl@biblegateway.com,Male,3.92.48.62,5002350380580330,mastercard
851,Annice,O'Dee,aodeenm@usgs.gov,Female,131.16.32.90,5100149023772620,mastercard
852,Bradley,Shervington,bshervingtonnn@xinhuanet.com,Male,82.17.73.72,374288535940935,americanexpress
853,Stanton,Dagg,sdaggno@house.gov,Male,223.110.26.235,5100135564653570,mastercard
854,Gerik,Parffrey,gparffreynp@nature.com,Male,223.89.110.147,372301083315319,americanexpress
855,Emmalee,Gomby,egombynq@cocolog-nifty.com,Female,189.127.52.23,5263203772096480,mastercard
856,Dudley,Novotna,dnovotnanr@tmall.com,Male,17.166.3.19,5108008323308170,mastercard
857,Garland,Grier,ggrierns@deviantart.com,Female,44.41.177.203,5048370227370440,mastercard
858,Emery,Nyssens,enyssensnt@squarespace.com,Male,98.213.33.255,4041374748820,visa
859,Ardine,Hassall,ahassallnu@upenn.edu,Genderqueer,129.86.140.65,4041373674563,visa
860,Farley,Ogborn,fogbornnv@arstechnica.com,Male,225.29.4.138,4041376047851330,visa
861,Robina,Shortt,rshorttnw@lulu.com,Female,59.134.123.66,4041593437478310,visa
862,Odele,Lett,olettnx@huffingtonpost.com,Female,85.48.50.10,4041598410710,visa
863,Juanita,Moorcraft,jmoorcraftny@yelp.com,Bigender,220.159.112.160,4017953565012020,visa
864,Evered,Dunsire,edunsirenz@auda.org.au,Male,253.35.22.203,374288368573746,americanexpress
865,Flin,Sirmon,fsirmono0@i2i.jp,Male,199.250.239.244,374288807344881,americanexpress
866,North,Walsh,nwalsho1@smh.com.au,Male,189.165.68.67,4041379857055,visa
867,Wilie,Armit,warmito2@latimes.com,Female,60.141.164.214,5010120034018890,mastercard
868,Raimundo,Fernan,rfernano3@vimeo.com,Male,84.108.87.246,372301863722684,americanexpress
869,Livvyy,Meatcher,lmeatchero4@samsung.com,Female,32.250.50.235,4935554339591,visa
870,Lucien,Bass,lbasso5@exblog.jp,Male,122.219.147.153,344069882709462,americanexpress
871,Heloise,Blackleech,hblackleecho6@github.io,Female,243.195.28.116,349334278954303,americanexpress
872,Korella,Warcop,kwarcopo7@miitbeian.gov.cn,Female,181.240.216.231,4945336605804360,visa
873,Dalis,Warrington,dwarringtono8@gov.uk,Male,169.126.131.128,4041593002975,visa
874,Iorgo,Howat,ihowato9@slashdot.org,Male,38.47.68.222,374622633537849,americanexpress
875,Millicent,Charpling,mcharplingoa@is.gd,Female,175.181.162.66,374622722083069,americanexpress
876,Kimble,Skouling,kskoulingob@adobe.com,Male,37.254.116.19,5100141597263730,mastercard
877,Meara,Cicutto,mcicuttooc@google.de,Female,48.5.18.226,5010127785407670,mastercard
878,Isidora,Linney,ilinneyod@google.com.hk,Agender,236.106.122.205,343126688536720,americanexpress
879,Quinlan,Dulling,qdullingoe@de.vu,Non-binary,4.254.43.173,377952100726733,americanexpress
880,Thayne,Stanbury,tstanburyof@un.org,Male,137.14.174.133,4017955736715,visa
881,Benji,Cregg,bcreggog@taobao.com,Male,143.86.19.52,4041371476485990,visa
882,Lanna,Dadson,ldadsonoh@answers.com,Female,194.161.202.152,5355649023914180,mastercard
883,Anica,Warland,awarlandoi@shutterfly.com,Female,181.153.204.89,348862828678999,americanexpress
884,Lavinie,Bon,lbonoj@myspace.com,Female,215.19.114.91,5100138778742390,mastercard
885,Ilario,Durnall,idurnallok@reuters.com,Male,7.54.175.187,4102363525207000,visa
886,Gilberta,Rhyme,grhymeol@woothemes.com,Female,55.127.127.181,372301509225555,americanexpress
887,Rhett,Draper,rdraperom@microsoft.com,Male,253.240.97.9,5007664810264880,mastercard
888,Demetris,Cockshtt,dcockshtton@prlog.org,Male,71.71.54.153,5048374424906300,mastercard
889,Marty,Snelgar,msnelgaroo@ocn.ne.jp,Male,1.35.173.82,5002356705737030,mastercard
890,Terrie,Sheryn,tsherynop@redcross.org,Female,43.10.33.129,372301160057750,americanexpress
891,Gussie,Bouzan,gbouzanoq@woothemes.com,Female,105.219.126.62,5472942958285580,mastercard
892,Lothaire,Spieght,lspieghtor@bandcamp.com,Male,185.125.172.81,5508671870999610,mastercard
893,Chaddy,Gritsunov,cgritsunovos@altervista.org,Male,130.129.26.98,5286642744829620,mastercard
894,Lucien,Wilcock,lwilcockot@chron.com,Polygender,149.180.191.70,5010120200048400,mastercard
895,Bernadine,McCreery,bmccreeryou@blogger.com,Female,97.239.58.217,4041594046650520,visa
896,Pasquale,Bangley,pbangleyov@issuu.com,Male,185.57.52.235,5010121376490470,mastercard
897,Hugibert,Andrag,handragow@storify.com,Male,221.245.36.236,376377212034977,americanexpress
898,Bail,Gilmour,bgilmourox@weebly.com,Male,44.48.90.117,375859150769491,americanexpress
899,Tedi,Meake,tmeakeoy@foxnews.com,Female,246.202.47.84,337941015827503,americanexpress
900,Binnie,Genever,bgeneveroz@hostgator.com,Female,163.1.187.234,5194411971645760,mastercard
901,Doralia,Wolton,dwoltonp0@prnewswire.com,Female,142.116.109.152,374283811386531,americanexpress
902,Cameron,Jirieck,cjirieckp1@hao123.com,Polygender,221.132.217.91,349958215098814,americanexpress
903,Charissa,Aikett,caikettp2@columbia.edu,Polygender,212.63.140.90,4041375882073160,visa
904,Nissa,Southwick,nsouthwickp3@ehow.com,Female,110.6.208.218,5411760037761690,mastercard
905,Levon,Brightling,lbrightlingp4@macromedia.com,Bigender,129.223.248.89,337941598326089,americanexpress
906,Gregor,Surby,gsurbyp5@slate.com,Genderfluid,130.176.167.180,5309997230222030,mastercard
907,Dolley,Crooks,dcrooksp6@opera.com,Agender,240.220.153.160,5100147566802220,mastercard
908,Cchaddie,Klehyn,cklehynp7@fema.gov,Bigender,213.117.152.95,4041599495747810,visa
909,Mayne,Hallwood,mhallwoodp8@walmart.com,Male,42.198.50.142,337941680366753,americanexpress
910,Rozanna,Rosenau,rrosenaup9@ebay.com,Genderfluid,21.173.107.84,5585220987495230,mastercard
911,Celestyn,Peterffy,cpeterffypa@a8.net,Female,89.132.107.70,4017958407355640,visa
912,Barbabas,Mazonowicz,bmazonowiczpb@deliciousdays.com,Male,198.205.16.230,5010127326403670,mastercard
913,Brendin,Giacomello,bgiacomellopc@mapy.cz,Male,173.42.5.221,4974677214113500,visa
914,Torie,Aldridge,taldridgepd@samsung.com,Female,208.245.171.205,4098034667717,visa
915,Jennica,Foucar,jfoucarpe@sohu.com,Female,112.45.10.196,4017952943238090,visa
916,Alf,Brotherhed,abrotherhedpf@netvibes.com,Male,72.104.92.249,4041376457966,visa
917,Blanche,Antognelli,bantognellipg@multiply.com,Genderqueer,239.132.242.85,4017956019104160,visa
918,Roldan,Demke,rdemkeph@t.co,Male,110.251.17.227,337941347190018,americanexpress
919,Kirsten,Sharnock,ksharnockpi@umn.edu,Female,213.112.153.91,5010126012965530,mastercard
920,Fidelity,Turmell,fturmellpj@tamu.edu,Female,36.249.11.58,4734270291164,visa
921,Emmye,Batstone,ebatstonepk@webs.com,Female,217.224.76.93,347937380295662,americanexpress
922,Betsey,O'Nowlan,bonowlanpl@vkontakte.ru,Female,78.221.75.81,5168890102310390,mastercard
923,Amalea,FitzGeorge,afitzgeorgepm@com.com,Female,227.59.180.71,374283101151025,americanexpress
924,Albertina,Abramchik,aabramchikpn@facebook.com,Female,137.39.236.186,5002356796761020,mastercard
925,Chickie,Myles,cmylespo@cornell.edu,Female,128.130.170.97,5100148166082890,mastercard
926,Gene,Gratland,ggratlandpp@prnewswire.com,Bigender,62.235.30.34,4227960948834460,visa
927,Jerrilee,Davies,jdaviespq@wiley.com,Female,121.89.156.159,4510371258347080,visa
928,Bryon,Barnett,bbarnettpr@nps.gov,Male,53.52.70.242,374622597260842,americanexpress
929,Bailey,Trenouth,btrenouthps@qq.com,Male,118.109.86.36,4041599038692620,visa
930,Margaretha,Ordelt,mordeltpt@shareasale.com,Female,28.43.238.63,5379864894124300,mastercard
931,Kiley,Wasbrough,kwasbroughpu@npr.org,Female,91.58.165.165,374622912672754,americanexpress
932,Kyle,Frankom,kfrankompv@chron.com,Male,81.73.205.118,344913033760066,americanexpress
933,Cirillo,Wrankling,cwranklingpw@moonfruit.com,Male,185.210.183.136,374283927706952,americanexpress
934,Rheba,Broadhurst,rbroadhurstpx@mapquest.com,Female,100.117.16.20,342065593257066,americanexpress
935,Hamish,Hazlewood,hhazlewoodpy@acquirethisname.com,Male,196.80.210.254,4041592967533,visa
936,Derward,Cess,dcesspz@dailymotion.com,Male,223.205.153.32,5108754837422630,mastercard
937,Seward,Conaghan,sconaghanq0@acquirethisname.com,Male,139.254.1.186,5104259665278100,mastercard
938,Benedikt,Kemmett,bkemmettq1@ifeng.com,Male,185.73.42.23,337941981442451,americanexpress
939,Dasi,Farfalameev,dfarfalameevq2@nytimes.com,Female,15.157.61.106,337941086856241,americanexpress
940,Whitney,Pote,wpoteq3@edublogs.org,Male,213.27.200.170,4017953044985310,visa
941,Abey,Weippert,aweippertq4@about.com,Male,44.200.207.121,5007662754284040,mastercard
942,Matthus,Borit,mboritq5@privacy.gov.au,Male,15.128.143.209,4742083599434,visa
943,Garrott,Ambrois,gambroisq6@sina.com.cn,Male,175.206.38.56,5100147807215660,mastercard
944,Kory,Barltrop,kbarltropq7@skype.com,Male,90.30.167.199,5108756459845460,mastercard
945,Nicolina,Soutar,nsoutarq8@biglobe.ne.jp,Female,178.117.156.4,5048379003677960,mastercard
946,Onida,Gormally,ogormallyq9@census.gov,Female,61.30.158.46,4041374648099620,visa
947,Andeee,Ambroz,aambrozqa@hp.com,Female,225.109.79.89,377766193175073,americanexpress
948,Julius,Swinney,jswinneyqb@adobe.com,Male,152.32.164.203,348579868010053,americanexpress
949,Selestina,Berney,sberneyqc@creativecommons.org,Female,165.181.214.220,5100138668778760,mastercard
950,Zoe,Brissard,zbrissardqd@archive.org,Bigender,51.254.239.159,5100143662641210,mastercard
951,Vasili,Ravillas,vravillasqe@china.com.cn,Male,84.215.23.40,4041590962270,visa
952,Winonah,Spinelli,wspinelliqf@tinyurl.com,Female,26.36.207.71,4041376257799360,visa
953,Wylma,Dykins,wdykinsqg@ask.com,Female,127.157.93.218,374622030683014,americanexpress
954,Lorna,Achrameev,lachrameevqh@shutterfly.com,Female,196.54.122.216,5594484735344130,mastercard
955,Kincaid,McLuckie,kmcluckieqi@sakura.ne.jp,Male,57.147.25.97,5115097573318980,mastercard
956,Sheree,Valde,svaldeqj@creativecommons.org,Female,96.62.104.122,5462006823907530,mastercard
957,Krystal,Crosskell,kcrosskellqk@illinois.edu,Non-binary,202.188.17.188,5108753236583420,mastercard
958,Cleveland,Suett,csuettql@yelp.com,Male,142.82.194.208,374288319899968,americanexpress
959,Filbert,Simm,fsimmqm@yellowpages.com,Male,172.171.133.235,5007661562305090,mastercard
960,Baxter,Hawking,bhawkingqn@sohu.com,Male,216.74.155.3,4721820768598900,visa
961,Niel,Drysdell,ndrysdellqo@marketwatch.com,Male,211.197.3.8,5465740837124950,mastercard
962,Lisabeth,Kenealy,lkenealyqp@arstechnica.com,Female,156.152.108.63,4895737916196,visa
963,Colin,Gatty,cgattyqq@mit.edu,Male,160.221.73.229,4041598192338560,visa
964,Saraann,Huggins,shugginsqr@parallels.com,Female,94.210.242.38,5100132480153270,mastercard
965,Brana,Fellgate,bfellgateqs@google.co.uk,Female,159.142.79.20,5048376087253410,mastercard
966,Pincas,Koschek,pkoschekqt@walmart.com,Male,23.200.30.54,5007668064378700,mastercard
967,Ertha,Cammacke,ecammackequ@epa.gov,Female,50.245.254.161,5501695244631590,mastercard
968,Danika,Blue,dblueqv@google.it,Female,156.200.244.119,5100144073347220,mastercard
969,Roselia,Hick,rhickqw@vistaprint.com,Female,99.32.186.245,4101486247208030,visa
970,Dita,Shilston,dshilstonqx@java.com,Female,154.96.154.235,374283665361689,americanexpress
971,Sibella,Breslauer,sbreslauerqy@timesonline.co.uk,Female,80.211.95.238,5100136287423750,mastercard
972,Ruggiero,Buckberry,rbuckberryqz@salon.com,Male,66.84.76.144,5108753739528770,mastercard
973,Lindsy,Autin,lautinr0@oakley.com,Female,124.37.50.172,5010124833707870,mastercard
974,Ruby,Iveans,riveansr1@alexa.com,Female,89.253.196.27,5108756998177440,mastercard
975,Hannis,Ianetti,hianettir2@weebly.com,Genderfluid,107.140.51.2,4019849505563710,visa
976,Dorey,Corrigan,dcorriganr3@fastcompany.com,Female,30.25.1.116,4812244730309,visa
977,Anselm,Chown,achownr4@weebly.com,Male,186.201.65.211,337941215833707,americanexpress
978,Hamid,Cunnah,hcunnahr5@wufoo.com,Male,48.166.226.245,5521932600395460,mastercard
979,Evita,Gillbard,egillbardr6@va.gov,Female,194.61.229.146,374339797479607,americanexpress
980,Hedvig,De Angelo,hdeangelor7@csmonitor.com,Polygender,48.1.191.156,5100170801172670,mastercard
981,Belita,Moakler,bmoaklerr8@miibeian.gov.cn,Female,55.13.103.216,374283204170534,americanexpress
982,Greer,Meigh,gmeighr9@diigo.com,Female,165.158.21.200,341683955153839,americanexpress
983,Bondon,Clingan,bclinganra@vkontakte.ru,Male,30.187.146.70,5278149318100250,mastercard
984,Leese,Basset,lbassetrb@freewebs.com,Female,95.117.106.188,4041377227392,visa
985,Essa,Scothron,escothronrc@squidoo.com,Female,14.89.44.112,5100175165153090,mastercard
986,Andrei,Drummond,adrummondrd@youku.com,Female,122.130.81.87,4041378246417,visa
987,Gaylor,Crocetti,gcrocettire@washingtonpost.com,Male,157.65.12.189,5048379992065310,mastercard
988,Nona,Bodimeade,nbodimeaderf@hibu.com,Genderqueer,49.72.126.211,5002352213735240,mastercard
989,Viviyan,Leggin,vlegginrg@dot.gov,Female,99.10.209.165,374622493880115,americanexpress
990,Bill,Budleigh,bbudleighrh@google.ru,Female,30.247.121.234,372301744918725,americanexpress
991,Walsh,Maccraw,wmaccrawri@usgs.gov,Male,145.171.39.138,344522104115520,americanexpress
992,Elias,Gudge,egudgerj@delicious.com,Male,185.110.242.52,4041376897021,visa
993,Isobel,Slora,islorark@un.org,Female,206.105.91.103,344803897769776,americanexpress
994,Tiphany,Limbrick,tlimbrickrl@wiley.com,Female,64.135.132.196,4017954723516,visa
995,Willy,Botham,wbothamrm@wikispaces.com,Female,109.105.55.30,5002351298320590,mastercard
996,Olivia,Saffon,osaffonrn@miibeian.gov.cn,Female,16.38.22.195,4017951150390,visa
997,Ginger,Quartermaine,gquartermainero@cbc.ca,Female,217.195.220.54,337941440750056,americanexpress
998,Dmitri,Wolseley,dwolseleyrp@blogtalkradio.com,Bigender,196.142.184.204,4041597196179,visa
999,Gratia,Attryde,gattryderq@ow.ly,Female,210.10.177.125,5100173861435790,mastercard
1000,Teresita,Parnaby,tparnabyrr@sourceforge.net,Female,22.203.42.42,372301891435713,americanexpress
